Workbook

Sheet Oversigt
A1: D&D 2024 – udstyrsoversigt
A2: Data kopieret fra D&D Beyond (Player's Handbook, Dungeon Master's Guide og D&D Beyond Basic Rules). Alle tal på dette ark beregnes med formler ud fra arket 'Alle items'.
A3: Pris (GP) omregner 1 SP = 0,1 GP og 1 CP = 0,01 GP. Tomme felter betyder, at kilden ikke angiver en pris/vægt (fx moderne våben).
A4: Arkene 'Våben' og 'Rustning' er udsnit af de samme rækker.
A6: Antal og pris pr. gruppe
A7: Gruppe | B7: Antal | C7: Billigste (GP) | D7: Dyreste (GP) | E7: Gns. pris (GP) | I7: 0 | J7: Udstyr | K7: Ammunition | L7: Fokus | M7: Våben | N7: Rustning | O7: Gift | P7: Værktøj
A8: Ammunition | B8: =COUNTIF('Alle items'!$C$2:$C$216,$A8) -> 4 | C8: =IFERROR(_xlfn.MINIFS('Alle items'!$G$2:$G$216,'Alle items'!$C$2:$C$216,$A8),"") -> 0.04 | D8: =IFERROR(_xlfn.MAXIFS('Alle items'!$G$2:$G$216,'Alle items'!$C$2:$C$216,$A8),"") -> 3 | E8: =IFERROR(AVERAGEIF('Alle items'!$C$2:$C$216,$A8,'Alle items'!$G$2:$G$216),"") -> 1.3466667 | H8: Common | I8: 2 | J8: =COUNTIFS('Alle items'!$C:$C,J$7,'Alle items'!$G:$G,">"&$I7,'Alle items'!$G:$G,"<="&$I8) -> 38 | K8: =COUNTIFS('Alle items'!$C:$C,K$7,'Alle items'!$G:$G,">"&$I7,'Alle items'!$G:$G,"<="&$I8) -> 2 | L8: =COUNTIFS('Alle items'!$C:$C,L$7,'Alle items'!$G:$G,">"&$I7,'Alle items'!$G:$G,"<="&$I8) -> 1 | M8: =COUNTIFS('Alle items'!$C:$C,M$7,'Alle items'!$G:$G,">"&$I7,'Alle items'!$G:$G,"<="&$I8) -> 12 | N8: =COUNTIFS('Alle items'!$C:$C,N$7,'Alle items'!$G:$G,">"&$I7,'Alle items'!$G:$G,"<="&$I8) -> 0 | O8: =COUNTIFS('Alle items'!$C:$C,O$7,'Alle items'!$G:$G,">"&$I7,'Alle items'!$G:$G,"<="&$I8) -> 0 | P8: =COUNTIFS('Alle items'!$C:$C,P$7,'Alle items'!$G:$G,">"&$I7,'Alle items'!$G:$G,"<="&$I8) -> 9 | Q8: =SUM(J8:P8) -> 62 | T8: Magic Item
A9: Fokus | B9: =COUNTIF('Alle items'!$C$2:$C$216,$A9) -> 12 | C9: =IFERROR(_xlfn.MINIFS('Alle items'!$G$2:$G$216,'Alle items'!$C$2:$C$216,$A9),"") -> 1 | D9: =IFERROR(_xlfn.MAXIFS('Alle items'!$G$2:$G$216,'Alle items'!$C$2:$C$216,$A9),"") -> 20 | E9: =IFERROR(AVERAGEIF('Alle items'!$C$2:$C$216,$A9,'Alle items'!$G$2:$G$216),"") -> 8.1 | H9: Uncommon | I9: 10 | J9: =COUNTIFS('Alle items'!$C:$C,J$7,'Alle items'!$G:$G,">"&$I8,'Alle items'!$G:$G,"<="&$I9) -> 13 | K9: =COUNTIFS('Alle items'!$C:$C,K$7,'Alle items'!$G:$G,">"&$I8,'Alle items'!$G:$G,"<="&$I9) -> 1 | L9: =COUNTIFS('Alle items'!$C:$C,L$7,'Alle items'!$G:$G,">"&$I8,'Alle items'!$G:$G,"<="&$I9) -> 8 | M9: =COUNTIFS('Alle items'!$C:$C,M$7,'Alle items'!$G:$G,">"&$I8,'Alle items'!$G:$G,"<="&$I9) -> 9 | N9: =COUNTIFS('Alle items'!$C:$C,N$7,'Alle items'!$G:$G,">"&$I8,'Alle items'!$G:$G,"<="&$I9) -> 4 | O9: =COUNTIFS('Alle items'!$C:$C,O$7,'Alle items'!$G:$G,">"&$I8,'Alle items'!$G:$G,"<="&$I9) -> 0 | P9: =COUNTIFS('Alle items'!$C:$C,P$7,'Alle items'!$G:$G,">"&$I8,'Alle items'!$G:$G,"<="&$I9) -> 10 | Q9: =SUM(J9:P9) -> 45 | T9: Common | U9: 100 | V9: =$U$13/U9 -> 2000 | W9: Common | X9: =100-SUM(X10:X13) -> 54
A10: Gift | B10: =COUNTIF('Alle items'!$C$2:$C$216,$A10) -> 13 | C10: =IFERROR(_xlfn.MINIFS('Alle items'!$G$2:$G$216,'Alle items'!$C$2:$C$216,$A10),"") -> 150 | D10: =IFERROR(_xlfn.MAXIFS('Alle items'!$G$2:$G$216,'Alle items'!$C$2:$C$216,$A10),"") -> 2000 | E10: =IFERROR(AVERAGEIF('Alle items'!$C$2:$C$216,$A10,'Alle items'!$G$2:$G$216),"") -> 596.15385 | H10: Rare | I10: 40 | J10: =COUNTIFS('Alle items'!$C:$C,J$7,'Alle items'!$G:$G,">"&$I9,'Alle items'!$G:$G,"<="&$I10) -> 7 | K10: =COUNTIFS('Alle items'!$C:$C,K$7,'Alle items'!$G:$G,">"&$I9,'Alle items'!$G:$G,"<="&$I10) -> 0 | L10: =COUNTIFS('Alle items'!$C:$C,L$7,'Alle items'!$G:$G,">"&$I9,'Alle items'!$G:$G,"<="&$I10) -> 1 | M10: =COUNTIFS('Alle items'!$C:$C,M$7,'Alle items'!$G:$G,">"&$I9,'Alle items'!$G:$G,"<="&$I10) -> 10 | N10: =COUNTIFS('Alle items'!$C:$C,N$7,'Alle items'!$G:$G,">"&$I9,'Alle items'!$G:$G,"<="&$I10) -> 1 | O10: =COUNTIFS('Alle items'!$C:$C,O$7,'Alle items'!$G:$G,">"&$I9,'Alle items'!$G:$G,"<="&$I10) -> 0 | P10: =COUNTIFS('Alle items'!$C:$C,P$7,'Alle items'!$G:$G,">"&$I9,'Alle items'!$G:$G,"<="&$I10) -> 14 | Q10: =SUM(J10:P10) -> 33 | T10: Uncommon | U10: 400 | V10: =$U$13/U10 -> 500 | W10: Uncommon | X10: 25
A11: Køretøj | B11: =COUNTIF('Alle items'!$C$2:$C$216,$A11) -> 11 | C11: =IFERROR(_xlfn.MINIFS('Alle items'!$G$2:$G$216,'Alle items'!$C$2:$C$216,$A11),"") -> 15 | D11: =IFERROR(_xlfn.MAXIFS('Alle items'!$G$2:$G$216,'Alle items'!$C$2:$C$216,$A11),"") -> 250 | E11: =IFERROR(AVERAGEIF('Alle items'!$C$2:$C$216,$A11,'Alle items'!$G$2:$G$216),"") -> 84 | H11: Very Rare | I11: 250 | J11: =COUNTIFS('Alle items'!$C:$C,J$7,'Alle items'!$G:$G,">"&$I10,'Alle items'!$G:$G,"<="&$I11) -> 5 | K11: =COUNTIFS('Alle items'!$C:$C,K$7,'Alle items'!$G:$G,">"&$I10,'Alle items'!$G:$G,"<="&$I11) -> 0 | L11: =COUNTIFS('Alle items'!$C:$C,L$7,'Alle items'!$G:$G,">"&$I10,'Alle items'!$G:$G,"<="&$I11) -> 0 | M11: =COUNTIFS('Alle items'!$C:$C,M$7,'Alle items'!$G:$G,">"&$I10,'Alle items'!$G:$G,"<="&$I11) -> 5 | N11: =COUNTIFS('Alle items'!$C:$C,N$7,'Alle items'!$G:$G,">"&$I10,'Alle items'!$G:$G,"<="&$I11) -> 6 | O11: =COUNTIFS('Alle items'!$C:$C,O$7,'Alle items'!$G:$G,">"&$I10,'Alle items'!$G:$G,"<="&$I11) -> 6 | P11: =COUNTIFS('Alle items'!$C:$C,P$7,'Alle items'!$G:$G,">"&$I10,'Alle items'!$G:$G,"<="&$I11) -> 2 | Q11: =SUM(J11:P11) -> 24 | T11: Rare | U11: 4000 | V11: =$U$13/U11 -> 50 | W11: Rare | X11: 15
A12: Pakke | B12: =COUNTIF('Alle items'!$C$2:$C$216,$A12) -> 7 | C12: =IFERROR(_xlfn.MINIFS('Alle items'!$G$2:$G$216,'Alle items'!$C$2:$C$216,$A12),"") -> 10 | D12: =IFERROR(_xlfn.MAXIFS('Alle items'!$G$2:$G$216,'Alle items'!$C$2:$C$216,$A12),"") -> 40 | E12: =IFERROR(AVERAGEIF('Alle items'!$C$2:$C$216,$A12,'Alle items'!$G$2:$G$216),"") -> 27.142857 | H12: Legendary | I12: 2500 | J12: =COUNTIFS('Alle items'!$C:$C,J$7,'Alle items'!$G:$G,">"&$I11) -> 1 | K12: =COUNTIFS('Alle items'!$C:$C,K$7,'Alle items'!$G:$G,">"&$I11) -> 0 | L12: =COUNTIFS('Alle items'!$C:$C,L$7,'Alle items'!$G:$G,">"&$I11) -> 0 | M12: =COUNTIFS('Alle items'!$C:$C,M$7,'Alle items'!$G:$G,">"&$I11) -> 1 | N12: =COUNTIFS('Alle items'!$C:$C,N$7,'Alle items'!$G:$G,">"&$I11) -> 3 | O12: =COUNTIFS('Alle items'!$C:$C,O$7,'Alle items'!$G:$G,">"&$I11) -> 7 | P12: =COUNTIFS('Alle items'!$C:$C,P$7,'Alle items'!$G:$G,">"&$I11) -> 0 | Q12: =SUM(J12:P12) -> 12 | T12: Very Rare | U12: 40000 | V12: =$U$13/U12 -> 5 | W12: Very Rare | X12: 5
A13: Ridedyr | B13: =COUNTIF('Alle items'!$C$2:$C$216,$A13) -> 8 | C13: =IFERROR(_xlfn.MINIFS('Alle items'!$G$2:$G$216,'Alle items'!$C$2:$C$216,$A13),"") -> 8 | D13: =IFERROR(_xlfn.MAXIFS('Alle items'!$G$2:$G$216,'Alle items'!$C$2:$C$216,$A13),"") -> 400 | E13: =IFERROR(AVERAGEIF('Alle items'!$C$2:$C$216,$A13,'Alle items'!$G$2:$G$216),"") -> 104.75 | T13: Legendary | U13: 200000 | V13: =$U$13/U13 -> 1 | W13: Legendary | X13: 1
A14: Rustning | B14: =COUNTIF('Alle items'!$C$2:$C$216,$A14) -> 14 | C14: =IFERROR(_xlfn.MINIFS('Alle items'!$G$2:$G$216,'Alle items'!$C$2:$C$216,$A14),"") -> 5 | D14: =IFERROR(_xlfn.MAXIFS('Alle items'!$G$2:$G$216,'Alle items'!$C$2:$C$216,$A14),"") -> 1500 | E14: =IFERROR(AVERAGEIF('Alle items'!$C$2:$C$216,$A14,'Alle items'!$G$2:$G$216),"") -> 229.28571 | T14: Artifact | U14: Priceless
A15: Udstyr | B15: =COUNTIF('Alle items'!$C$2:$C$216,$A15) -> 67 | C15: =IFERROR(_xlfn.MINIFS('Alle items'!$G$2:$G$216,'Alle items'!$C$2:$C$216,$A15),"") -> 0.01 | D15: =IFERROR(_xlfn.MAXIFS('Alle items'!$G$2:$G$216,'Alle items'!$C$2:$C$216,$A15),"") -> 1000 | E15: =IFERROR(AVERAGEIF('Alle items'!$C$2:$C$216,$A15,'Alle items'!$G$2:$G$216),"") -> 28.798281
A16: Våben | B16: =COUNTIF('Alle items'!$C$2:$C$216,$A16) -> 44 | C16: =IFERROR(_xlfn.MINIFS('Alle items'!$G$2:$G$216,'Alle items'!$C$2:$C$216,$A16),"") -> 0.05 | D16: =IFERROR(_xlfn.MAXIFS('Alle items'!$G$2:$G$216,'Alle items'!$C$2:$C$216,$A16),"") -> 500 | E16: =IFERROR(AVERAGEIF('Alle items'!$C$2:$C$216,$A16,'Alle items'!$G$2:$G$216),"") -> 34.193243
A17: Værktøj | B17: =COUNTIF('Alle items'!$C$2:$C$216,$A17) -> 35 | C17: =IFERROR(_xlfn.MINIFS('Alle items'!$G$2:$G$216,'Alle items'!$C$2:$C$216,$A17),"") -> 0.1 | D17: =IFERROR(_xlfn.MAXIFS('Alle items'!$G$2:$G$216,'Alle items'!$C$2:$C$216,$A17),"") -> 50 | E17: =IFERROR(AVERAGEIF('Alle items'!$C$2:$C$216,$A17,'Alle items'!$G$2:$G$216),"") -> 14.674286
A18: I alt | B18: =COUNTA('Alle items'!$A$2:$A$216) -> 215
A21: Antal pr. kilde
A22: Kilde | B22: Antal
A23: D&D Beyond Basic Rules | B23: =COUNTIF('Alle items'!$D$2:$D$216,$A23) -> 50
A24: Dungeon Master's Guide | B24: =COUNTIF('Alle items'!$D$2:$D$216,$A24) -> 27
A25: Player's Handbook | B25: =COUNTIF('Alle items'!$D$2:$D$216,$A25) -> 138
J27: Ridedyr | K27: Køretøj | L27: Pakke
J28: =COUNTIFS('Alle items'!$C:$C,J$27,'Alle items'!$G:$G,">"&$I7,'Alle items'!$G:$G,"<="&$I8) -> 0 | K28: =COUNTIFS('Alle items'!$C:$C,K$27,'Alle items'!$G:$G,">"&$I7,'Alle items'!$G:$G,"<="&$I8) -> 0 | L28: =COUNTIFS('Alle items'!$C:$C,L$27,'Alle items'!$G:$G,">"&$I7,'Alle items'!$G:$G,"<="&$I8) -> 0
A29: Våben pr. mastery-egenskab | J29: =COUNTIFS('Alle items'!$C:$C,J$27,'Alle items'!$G:$G,">"&$I8,'Alle items'!$G:$G,"<="&$I9) -> 1 | K29: =COUNTIFS('Alle items'!$C:$C,K$27,'Alle items'!$G:$G,">"&$I8,'Alle items'!$G:$G,"<="&$I9) -> 0 | L29: =COUNTIFS('Alle items'!$C:$C,L$27,'Alle items'!$G:$G,">"&$I8,'Alle items'!$G:$G,"<="&$I9) -> 1
A30: Mastery | B30: Antal våben | J30: =COUNTIFS('Alle items'!$C:$C,J$27,'Alle items'!$G:$G,">"&$I9,'Alle items'!$G:$G,"<="&$I10) -> 2 | K30: =COUNTIFS('Alle items'!$C:$C,K$27,'Alle items'!$G:$G,">"&$I9,'Alle items'!$G:$G,"<="&$I10) -> 3 | L30: =COUNTIFS('Alle items'!$C:$C,L$27,'Alle items'!$G:$G,">"&$I9,'Alle items'!$G:$G,"<="&$I10) -> 6
A31: Cleave | B31: =COUNTIF('Alle items'!$M$2:$M$216,$A31) -> 2 | J31: =COUNTIFS('Alle items'!$C:$C,J$27,'Alle items'!$G:$G,">"&$I10,'Alle items'!$G:$G,"<="&$I11) -> 4 | K31: =COUNTIFS('Alle items'!$C:$C,K$27,'Alle items'!$G:$G,">"&$I10,'Alle items'!$G:$G,"<="&$I11) -> 2 | L31: =COUNTIFS('Alle items'!$C:$C,L$27,'Alle items'!$G:$G,">"&$I10,'Alle items'!$G:$G,"<="&$I11) -> 0
A32: Graze | B32: =COUNTIF('Alle items'!$M$2:$M$216,$A32) -> 2 | J32: =COUNTIFS('Alle items'!$C:$C,J$27,'Alle items'!$G:$G,">"&$I11) -> 1 | K32: =COUNTIFS('Alle items'!$C:$C,K$27,'Alle items'!$G:$G,">"&$I11) -> 0 | L32: =COUNTIFS('Alle items'!$C:$C,L$27,'Alle items'!$G:$G,">"&$I11) -> 0
A33: Nick | B33: =COUNTIF('Alle items'!$M$2:$M$216,$A33) -> 4
A34: Push | B34: =COUNTIF('Alle items'!$M$2:$M$216,$A34) -> 5
A35: Sap | B35: =COUNTIF('Alle items'!$M$2:$M$216,$A35) -> 7
A36: Slow | B36: =COUNTIF('Alle items'!$M$2:$M$216,$A36) -> 10
A37: Topple | B37: =COUNTIF('Alle items'!$M$2:$M$216,$A37) -> 4
A38: Vex | B38: =COUNTIF('Alle items'!$M$2:$M$216,$A38) -> 9
A42: Antal pr. tag
A43: Tag | B43: Antal
A44: Combat | B44: =SUMPRODUCT(--ISNUMBER(SEARCH($A44,'Alle items'!$Q$2:$Q$216))) -> 51
A45: Communication | B45: =SUMPRODUCT(--ISNUMBER(SEARCH($A45,'Alle items'!$Q$2:$Q$216))) -> 5
A46: Consumable | B46: =SUMPRODUCT(--ISNUMBER(SEARCH($A46,'Alle items'!$Q$2:$Q$216))) -> 7
A47: Container | B47: =SUMPRODUCT(--ISNUMBER(SEARCH($A47,'Alle items'!$Q$2:$Q$216))) -> 21
A48: Control | B48: =SUMPRODUCT(--ISNUMBER(SEARCH($A48,'Alle items'!$Q$2:$Q$216))) -> 7
A49: Damage | B49: =SUMPRODUCT(--ISNUMBER(SEARCH($A49,'Alle items'!$Q$2:$Q$216))) -> 51
A50: Deception | B50: =SUMPRODUCT(--ISNUMBER(SEARCH($A50,'Alle items'!$Q$2:$Q$216))) -> 4
A51: Detection | B51: =SUMPRODUCT(--ISNUMBER(SEARCH($A51,'Alle items'!$Q$2:$Q$216))) -> 1
A52: Exploration | B52: =SUMPRODUCT(--ISNUMBER(SEARCH($A52,'Alle items'!$Q$2:$Q$216))) -> 42
A53: Explosives | B53: =SUMPRODUCT(--ISNUMBER(SEARCH($A53,'Alle items'!$Q$2:$Q$216))) -> 7
A54: Healing | B54: =SUMPRODUCT(--ISNUMBER(SEARCH($A54,'Alle items'!$Q$2:$Q$216))) -> 2
A55: Instrument | B55: =SUMPRODUCT(--ISNUMBER(SEARCH($A55,'Alle items'!$Q$2:$Q$216))) -> 9
... A60: Warding | B60: =SUMPRODUCT(--ISNUMBER(SEARCH($A60,'Alle items'!$Q$2:$Q$216))) -> 15

Sheet Alle items
A1: Navn | B1: Kategori | C1: Gruppe | D1: Kilde | E1: Rarity | F1: Pris | G1: Pris (GP) | H1: Vægt | I1: Vægt (lbs) | J1: Skade | K1: Skadetype | L1: Egenskaber | M1: Mastery | N1: AC | O1: Styrkekrav | P1: Stealth | Q1: Tags | R1: Noter | S1: Beskrivelse
A2: Candle | B2: Adventuring Gear | C2: Udstyr | D2: Player's Handbook | E2: =IF(G2<Oversigt!$I$8,Oversigt!$H$8,IF(G2<Oversigt!$I$9,Oversigt!$H$9,IF(G2<Oversigt!$I$10,Oversigt!$H$10,IF(G2<Oversigt!$I$11,Oversigt!$H$11,IF(G2<Oversigt!$I$12,Oversigt!$H$12,Oversigt!$H$13))))) -> Common | F2: 1 CP | G2: 0.01 | Q2: Utility, Exploration, Consumable | S2: For 1 hour, a lit Candle sheds Bright Light in a 5-foot radius and Dim Light for an additional 5 feet.
A3: Sack | B3: Adventuring Gear | C3: Udstyr | D3: Player's Handbook | E3: =IF(G3<Oversigt!$I$8,Oversigt!$H$8,IF(G3<Oversigt!$I$9,Oversigt!$H$9,IF(G3<Oversigt!$I$10,Oversigt!$H$10,IF(G3<Oversigt!$I$11,Oversigt!$H$11,IF(G3<Oversigt!$I$12,Oversigt!$H$12,Oversigt!$H$13))))) -> Common | F3: 1 CP | G3: 0.01 | H3: 1/2 lb | I3: 0.5 | Q3: Container | S3: A Sack holds up to 30 pounds within 1 cubic foot.
A4: Torch | B4: Adventuring Gear | C4: Udstyr | D4: Player's Handbook | E4: =IF(G4<Oversigt!$I$8,Oversigt!$H$8,IF(G4<Oversigt!$I$9,Oversigt!$H$9,IF(G4<Oversigt!$I$10,Oversigt!$H$10,IF(G4<Oversigt!$I$11,Oversigt!$H$11,IF(G4<Oversigt!$I$12,Oversigt!$H$12,Oversigt!$H$13))))) -> Common | F4: 1 CP | G4: 0.01 | H4: 1 lb | I4: 1 | Q4: Damage, Utility, Exploration, Combat | S4: A Torch burns for 1 hour, casting Bright Light in a 20-foot radius and Dim Light for an additional 20 feet. When you take the Attack action, you can attack with the Torch, using it as a Simple Melee weapon. On a hit, the target takes 1 Fire damage.
A5: Flask | B5: Adventuring Gear | C5: Udstyr | D5: Player's Handbook | E5: =IF(G5<Oversigt!$I$8,Oversigt!$H$8,IF(G5<Oversigt!$I$9,Oversigt!$H$9,IF(G5<Oversigt!$I$10,Oversigt!$H$10,IF(G5<Oversigt!$I$11,Oversigt!$H$11,IF(G5<Oversigt!$I$12,Oversigt!$H$12,Oversigt!$H$13))))) -> Common | F5: 2 CP | G5: 0.02 | H5: 1 lb | I5: 1 | Q5: Container | S5: A Flask holds up to 1 pint.
A6: Ink Pen | B6: Adventuring Gear | C6: Udstyr | D6: Player's Handbook | E6: =IF(G6<Oversigt!$I$8,Oversigt!$H$8,IF(G6<Oversigt!$I$9,Oversigt!$H$9,IF(G6<Oversigt!$I$10,Oversigt!$H$10,IF(G6<Oversigt!$I$11,Oversigt!$H$11,IF(G6<Oversigt!$I$12,Oversigt!$H$12,Oversigt!$H$13))))) -> Common | F6: 2 CP | G6: 0.02 | Q6: Communication, Social, Utility | S6: Using Ink, an Ink Pen is used to write or draw.
A7: Jug | B7: Adventuring Gear | C7: Udstyr | D7: Player's Handbook | E7: =IF(G7<Oversigt!$I$8,Oversigt!$H$8,IF(G7<Oversigt!$I$9,Oversigt!$H$9,IF(G7<Oversigt!$I$10,Oversigt!$H$10,IF(G7<Oversigt!$I$11,Oversigt!$H$11,IF(G7<Oversigt!$I$12,Oversigt!$H$12,Oversigt!$H$13))))) -> Common | F7: 2 CP | G7: 0.02 | H7: 4 lbs | I7: 4 | Q7: Container | S7: A Jug holds up to 1 gallon.
A8: Bucket | B8: Adventuring Gear | C8: Udstyr | D8: Player's Handbook | E8: =IF(G8<Oversigt!$I$8,Oversigt!$H$8,IF(G8<Oversigt!$I$9,Oversigt!$H$9,IF(G8<Oversigt!$I$10,Oversigt!$H$10,IF(G8<Oversigt!$I$11,Oversigt!$H$11,IF(G8<Oversigt!$I$12,Oversigt!$H$12,Oversigt!$H$13))))) -> Common | F8: 5 CP | G8: 0.05 | H8: 2 lbs | I8: 2 | Q8: Container | S8: A Bucket holds up to half a cubic foot of contents.
A9: Feed per day | B9: Adventuring Gear | C9: Udstyr | D9: Player's Handbook | E9: =IF(G9<Oversigt!$I$8,Oversigt!$H$8,IF(G9<Oversigt!$I$9,Oversigt!$H$9,IF(G9<Oversigt!$I$10,Oversigt!$H$10,IF(G9<Oversigt!$I$11,Oversigt!$H$11,IF(G9<Oversigt!$I$12,Oversigt!$H$12,Oversigt!$H$13))))) -> Common | F9: 5 CP | G9: 0.05 | H9: 10 lbs | I9: 10 | Q9: Utility, Consumable | S9: Standard feed typically consumed by a mount per day.
A10: Pole | B10: Adventuring Gear | C10: Udstyr | D10: Player's Handbook | E10: =IF(G10<Oversigt!$I$8,Oversigt!$H$8,IF(G10<Oversigt!$I$9,Oversigt!$H$9,IF(G10<Oversigt!$I$10,Oversigt!$H$10,IF(G10<Oversigt!$I$11,Oversigt!$H$11,IF(G10<Oversigt!$I$12,Oversigt!$H$12,Oversigt!$H$13))))) -> Common | F10: 5 CP | G10: 0.05 | H10: 7 lbs | I10: 7 | Q10: Utility, Exploration | S10: A Pole is 10 feet long. You can use it to touch something up to 10 feet away. If you must make a Strength (Athletics) check as part of a High or Long Jump, you can use the Pole to vault, giving yourself Advantage on the check.
A11: Signal Whistle | B11: Adventuring Gear | C11: Udstyr | D11: Player's Handbook | E11: =IF(G11<Oversigt!$I$8,Oversigt!$H$8,IF(G11<Oversigt!$I$9,Oversigt!$H$9,IF(G11<Oversigt!$I$10,Oversigt!$H$10,IF(G11<Oversigt!$I$11,Oversigt!$H$11,IF(G11<Oversigt!$I$12,Oversigt!$H$12,Oversigt!$H$13))))) -> Common | F11: 5 CP | G11: 0.05 | Q11: Communication, Utility | S11: When blown as a Utilize action, a Signal Whistle produces a sound that can be heard up to 600 feet away.
A12: Ladder | B12: Adventuring Gear | C12: Udstyr | D12: Player's Handbook | E12: =IF(G12<Oversigt!$I$8,Oversigt!$H$8,IF(G12<Oversigt!$I$9,Oversigt!$H$9,IF(G12<Oversigt!$I$10,Oversigt!$H$10,IF(G12<Oversigt!$I$11,Oversigt!$H$11,IF(G12<Oversigt!$I$12,Oversigt!$H$12,Oversigt!$H$13))))) -> Common | F12: 1 SP | G12: 0.1 | H12: 25 lbs | I12: 25 | Q12: Utility, Exploration | S12: A Ladder is 10 feet tall. You must climb to move up or down it.
A13: Oil | B13: Adventuring Gear | C13: Udstyr | D13: Player's Handbook | E13: =IF(G13<Oversigt!$I$8,Oversigt!$H$8,IF(G13<Oversigt!$I$9,Oversigt!$H$9,IF(G13<Oversigt!$I$10,Oversigt!$H$10,IF(G13<Oversigt!$I$11,Oversigt!$H$11,IF(G13<Oversigt!$I$12,Oversigt!$H$12,Oversigt!$H$13))))) -> Common | F13: 1 SP | G13: 0.1 | H13: 1 lb | I13: 1 | Q13: Damage, Utility, Combat | S13: You can douse a creature, object, or space with Oil or use it as fuel, as detailed below. Dousing a Creature or an Object. When you take the Attack action, you can replace one of your attacks with throwing an Oil flask. Target one creature or object within 20 feet of yourself. The target must succeed on a Dexterity saving throw (DC 8 plus your Dexterity modifier and Proficiency Bonus) or be covered in oil. If the target takes Fire damage before the oil dries (after 1 minute), the target takes an extra 5 Fire damage from burning oil. Dousing a Space. You can take the Utilize action to pour an Oil flask on level ground to cover a 5-foot-square area within 5 feet of yourself. If lit, the oil burns until the end of the turn 2 rounds from when the oil was lit (or 12 seconds) and deals 5 Fire damage to any creature that enters the area or ends its turn there. A creature can take this damage only once per turn. Fuel. Oil serves as fuel for Lamps and Lanterns. Once lit, a flask of Oil burns for 6 hours in a Lamp or Lantern. That duration doesn’t need to be consecutive; you can extinguish the burning Oil (as a Utilize action) and rekindle it again until it has burned for a total of 6 hours.
A14: Parchment | B14: Adventuring Gear | C14: Udstyr | D14: Player's Handbook | E14: =IF(G14<Oversigt!$I$8,Oversigt!$H$8,IF(G14<Oversigt!$I$9,Oversigt!$H$9,IF(G14<Oversigt!$I$10,Oversigt!$H$10,IF(G14<Oversigt!$I$11,Oversigt!$H$11,IF(G14<Oversigt!$I$12,Oversigt!$H$12,Oversigt!$H$13))))) -> Common | F14: 1 SP | G14: 0.1 | Q14: Communication, Social, Utility, Consumable | S14: One sheet of Parchment can hold about 250 handwritten words.
A15: String | B15: Adventuring Gear | C15: Udstyr | D15: Player's Handbook | E15: =IF(G15<Oversigt!$I$8,Oversigt!$H$8,IF(G15<Oversigt!$I$9,Oversigt!$H$9,IF(G15<Oversigt!$I$10,Oversigt!$H$10,IF(G15<Oversigt!$I$11,Oversigt!$H$11,IF(G15<Oversigt!$I$12,Oversigt!$H$12,Oversigt!$H$13))))) -> Common | F15: 1 SP | G15: 0.1 | Q15: Utility | S15: String is 10 feet long. You can tie a knot in it as a Utilize action.
A16: Paper | B16: Adventuring Gear | C16: Udstyr | D16: Player's Handbook | E16: =IF(G16<Oversigt!$I$8,Oversigt!$H$8,IF(G16<Oversigt!$I$9,Oversigt!$H$9,IF(G16<Oversigt!$I$10,Oversigt!$H$10,IF(G16<Oversigt!$I$11,Oversigt!$H$11,IF(G16<Oversigt!$I$12,Oversigt!$H$12,Oversigt!$H$13))))) -> Common | F16: 2 SP | G16: 0.2 | Q16: Communication, Social, Utility, Consumable | S16: One sheet of Paper can hold about 250 handwritten words.
A17: Waterskin | B17: Adventuring Gear | C17: Udstyr | D17: Player's Handbook | E17: =IF(G17<Oversigt!$I$8,Oversigt!$H$8,IF(G17<Oversigt!$I$9,Oversigt!$H$9,IF(G17<Oversigt!$I$10,Oversigt!$H$10,IF(G17<Oversigt!$I$11,Oversigt!$H$11,IF(G17<Oversigt!$I$12,Oversigt!$H$12,Oversigt!$H$13))))) -> Common | F17: 2 SP | G17: 0.2 | H17: 5 lbs | I17: 5 | Q17: Container | S17: A Waterskin holds up to 4 pints. If you don’t drink sufficient water, you risk dehydration.
A18: Lamp | B18: Adventuring Gear | C18: Udstyr | D18: Player's Handbook | E18: =IF(G18<Oversigt!$I$8,Oversigt!$H$8,IF(G18<Oversigt!$I$9,Oversigt!$H$9,IF(G18<Oversigt!$I$10,Oversigt!$H$10,IF(G18<Oversigt!$I$11,Oversigt!$H$11,IF(G18<Oversigt!$I$12,Oversigt!$H$12,Oversigt!$H$13))))) -> Common | F18: 5 SP | G18: 0.5 | H18: 1 lb | I18: 1 | Q18: Utility, Exploration | S18: A Lamp burns Oil as fuel to cast Bright Light in a 15-foot radius and Dim Light for an additional 30 feet.
A19: Pouch | B19: Adventuring Gear | C19: Udstyr | D19: Player's Handbook | E19: =IF(G19<Oversigt!$I$8,Oversigt!$H$8,IF(G19<Oversigt!$I$9,Oversigt!$H$9,IF(G19<Oversigt!$I$10,Oversigt!$H$10,IF(G19<Oversigt!$I$11,Oversigt!$H$11,IF(G19<Oversigt!$I$12,Oversigt!$H$12,Oversigt!$H$13))))) -> Common | F19: 5 SP | G19: 0.5 | H19: 1 lb | I19: 1 | Q19: Container | S19: A Pouch holds up to 6 pounds within one-fifth of a cubic foot.
A20: Rations | B20: Adventuring Gear | C20: Udstyr | D20: Player's Handbook | E20: =IF(G20<Oversigt!$I$8,Oversigt!$H$8,IF(G20<Oversigt!$I$9,Oversigt!$H$9,IF(G20<Oversigt!$I$10,Oversigt!$H$10,IF(G20<Oversigt!$I$11,Oversigt!$H$11,IF(G20<Oversigt!$I$12,Oversigt!$H$12,Oversigt!$H$13))))) -> Common | F20: 5 SP | G20: 0.5 | H20: 2 lbs | I20: 2 | Q20: Social, Utility, Consumable | S20: Rations consist of travel-ready food, including jerky, dried fruit, hardtack, and nuts. See “Malnutrition” for the risks of not eating.
A21: Tinderbox | B21: Adventuring Gear | C21: Udstyr | D21: Player's Handbook | E21: =IF(G21<Oversigt!$I$8,Oversigt!$H$8,IF(G21<Oversigt!$I$9,Oversigt!$H$9,IF(G21<Oversigt!$I$10,Oversigt!$H$10,IF(G21<Oversigt!$I$11,Oversigt!$H$11,IF(G21<Oversigt!$I$12,Oversigt!$H$12,Oversigt!$H$13))))) -> Common | F21: 5 SP | G21: 0.5 | H21: 1 lb | I21: 1 | Q21: Utility, Exploration | S21: A Tinderbox is a small container holding flint, fire steel, and tinder (usually dry cloth soaked in light oil) used to kindle a fire. Using it to light a Candle, Lamp, Lantern, or Torch—or anything else with exposed fuel—takes a Bonus Action. Lighting any other fire takes 1 minute.
A22: Caltrops | B22: Adventuring Gear | C22: Udstyr | D22: Player's Handbook | E22: =IF(G22<Oversigt!$I$8,Oversigt!$H$8,IF(G22<Oversigt!$I$9,Oversigt!$H$9,IF(G22<Oversigt!$I$10,Oversigt!$H$10,IF(G22<Oversigt!$I$11,Oversigt!$H$11,IF(G22<Oversigt!$I$12,Oversigt!$H$12,Oversigt!$H$13))))) -> Common | F22: 1 GP | G22: 1 | H22: 2 lbs | I22: 2 | Q22: Damage, Movement, Combat | S22: As a Utilize action, you can spread Caltrops from their bag to cover a 5-foot-square area within 5 feet of yourself. A creature that enters this area for the first time on a turn must succeed on a DC 15 Dexterity saving throw or take 1 Piercing damage and have its Speed reduced to 0 until the start of its next turn. It takes 10 minutes to recover the Caltrops.
A23: Crossbow Bolt Case | B23: Adventuring Gear | C23: Udstyr | D23: Player's Handbook | E23: =IF(G23<Oversigt!$I$8,Oversigt!$H$8,IF(G23<Oversigt!$I$9,Oversigt!$H$9,IF(G23<Oversigt!$I$10,Oversigt!$H$10,IF(G23<Oversigt!$I$11,Oversigt!$H$11,IF(G23<Oversigt!$I$12,Oversigt!$H$12,Oversigt!$H$13))))) -> Common | F23: 1 GP | G23: 1 | H23: 1 lb | I23: 1 | Q23: Container | S23: A Crossbow Bolt Case holds up to 20 Bolts.
A24: Iron Spikes | B24: Adventuring Gear | C24: Udstyr | D24: Player's Handbook | E24: =IF(G24<Oversigt!$I$8,Oversigt!$H$8,IF(G24<Oversigt!$I$9,Oversigt!$H$9,IF(G24<Oversigt!$I$10,Oversigt!$H$10,IF(G24<Oversigt!$I$11,Oversigt!$H$11,IF(G24<Oversigt!$I$12,Oversigt!$H$12,Oversigt!$H$13))))) -> Common | F24: 1 GP | G24: 1 | H24: 5 lbs | I24: 5 | Q24: Utility | S24: Iron Spikes come in bundles of ten. As a Utilize action, you can use a blunt object, such as a Light Hammer, to hammer a spike into wood, earth, or a similar material. You can do so to jam a door shut or to then tie a Rope or Chain to the Spike.
A25: Map | B25: Adventuring Gear | C25: Udstyr | D25: Player's Handbook | E25: =IF(G25<Oversigt!$I$8,Oversigt!$H$8,IF(G25<Oversigt!$I$9,Oversigt!$H$9,IF(G25<Oversigt!$I$10,Oversigt!$H$10,IF(G25<Oversigt!$I$11,Oversigt!$H$11,IF(G25<Oversigt!$I$12,Oversigt!$H$12,Oversigt!$H$13))))) -> Common | F25: 1 GP | G25: 1 | S25: If you consult an accurate Map, you gain a +5 bonus to Wisdom (Survival) checks you make to find your way in the place represented on it.
A26: Map or Scroll Case | B26: Adventuring Gear | C26: Udstyr | D26: Player's Handbook | E26: =IF(G26<Oversigt!$I$8,Oversigt!$H$8,IF(G26<Oversigt!$I$9,Oversigt!$H$9,IF(G26<Oversigt!$I$10,Oversigt!$H$10,IF(G26<Oversigt!$I$11,Oversigt!$H$11,IF(G26<Oversigt!$I$12,Oversigt!$H$12,Oversigt!$H$13))))) -> Common | F26: 1 GP | G26: 1 | H26: 1 lb | I26: 1 | Q26: Container | S26: A Map or Scroll Case holds up to 10 sheets of paper or 5 sheets of parchment.
A27: Net | B27: Adventuring Gear | C27: Udstyr | D27: Player's Handbook | E27: =IF(G27<Oversigt!$I$8,Oversigt!$H$8,IF(G27<Oversigt!$I$9,Oversigt!$H$9,IF(G27<Oversigt!$I$10,Oversigt!$H$10,IF(G27<Oversigt!$I$11,Oversigt!$H$11,IF(G27<Oversigt!$I$12,Oversigt!$H$12,Oversigt!$H$13))))) -> Common | F27: 1 GP | G27: 1 | H27: 3 lbs | I27: 3 | S27: When you take the Attack action, you can replace one of your attacks with throwing a Net. Target a creature you can see within 15 feet of yourself. The target must succeed on a Dexterity saving throw (DC 8 plus your Dexterity modifier and Proficiency Bonus) or have the Restrained condition until it escapes. The target succeeds automatically if it is Huge or larger. To escape, the target or a creature within 5 feet of it must take an action to make a DC 10 Strength (Athletics) check, freeing the Restrained creature on a success. Destroying the Net (AC 10; 5 HP; Immunity to Bludgeoning, Poison, and Psychic damage) also frees the target, ending the effect.
A28: Quiver | B28: Adventuring Gear | C28: Udstyr | D28: Player's Handbook | E28: =IF(G28<Oversigt!$I$8,Oversigt!$H$8,IF(G28<Oversigt!$I$9,Oversigt!$H$9,IF(G28<Oversigt!$I$10,Oversigt!$H$10,IF(G28<Oversigt!$I$11,Oversigt!$H$11,IF(G28<Oversigt!$I$12,Oversigt!$H$12,Oversigt!$H$13))))) -> Common | F28: 1 GP | G28: 1 | H28: 1 lb | I28: 1 | Q28: Container | S28: A Quiver holds up to 20 Arrows.
A29: Robe | B29: Adventuring Gear | C29: Udstyr | D29: Player's Handbook | E29: =IF(G29<Oversigt!$I$8,Oversigt!$H$8,IF(G29<Oversigt!$I$9,Oversigt!$H$9,IF(G29<Oversigt!$I$10,Oversigt!$H$10,IF(G29<Oversigt!$I$11,Oversigt!$H$11,IF(G29<Oversigt!$I$12,Oversigt!$H$12,Oversigt!$H$13))))) -> Common | F29: 1 GP | G29: 1 | H29: 4 lbs | I29: 4 | S29: A Robe has vocational or ceremonial significance. Some events and locations admit only people wearing a Robe bearing certain colors or symbols.
A30: Rope | B30: Adventuring Gear | C30: Udstyr | D30: Player's Handbook | E30: =IF(G30<Oversigt!$I$8,Oversigt!$H$8,IF(G30<Oversigt!$I$9,Oversigt!$H$9,IF(G30<Oversigt!$I$10,Oversigt!$H$10,IF(G30<Oversigt!$I$11,Oversigt!$H$11,IF(G30<Oversigt!$I$12,Oversigt!$H$12,Oversigt!$H$13))))) -> Common | F30: 1 GP | G30: 1 | H30: 5 lbs | I30: 5 | S30: As a Utilize action, you can tie a knot with Rope if you succeed on a DC 10 Dexterity (Sleight of Hand) check. The Rope can be burst with a successful DC 20 Strength (Athletics) check. You can bind an unwilling creature with the Rope only if the creature has the Grappled, Incapacitated, or Restrained condition. If the creature’s legs are bound, the creature has the Restrained condition until it escapes. Escaping the Rope requires the creature to make a successful DC 15 Dexterity (Acrobatics) check as an action.
A31: Vial | B31: Adventuring Gear | C31: Udstyr | D31: Player's Handbook | E31: =IF(G31<Oversigt!$I$8,Oversigt!$H$8,IF(G31<Oversigt!$I$9,Oversigt!$H$9,IF(G31<Oversigt!$I$10,Oversigt!$H$10,IF(G31<Oversigt!$I$11,Oversigt!$H$11,IF(G31<Oversigt!$I$12,Oversigt!$H$12,Oversigt!$H$13))))) -> Common | F31: 1 GP | G31: 1 | Q31: Container | S31: A Vial holds up to 4 ounces.
A32: Crowbar | B32: Adventuring Gear | C32: Udstyr | D32: Player's Handbook | E32: =IF(G32<Oversigt!$I$8,Oversigt!$H$8,IF(G32<Oversigt!$I$9,Oversigt!$H$9,IF(G32<Oversigt!$I$10,Oversigt!$H$10,IF(G32<Oversigt!$I$11,Oversigt!$H$11,IF(G32<Oversigt!$I$12,Oversigt!$H$12,Oversigt!$H$13))))) -> Uncommon | F32: 2 GP | G32: 2 | H32: 5 lbs | I32: 5 | Q32: Utility, Exploration | S32: Using a Crowbar gives you Advantage on Strength checks where the Crowbar’s leverage can be applied.
A33: Glass Bottle | B33: Adventuring Gear | C33: Udstyr | D33: Player's Handbook | E33: =IF(G33<Oversigt!$I$8,Oversigt!$H$8,IF(G33<Oversigt!$I$9,Oversigt!$H$9,IF(G33<Oversigt!$I$10,Oversigt!$H$10,IF(G33<Oversigt!$I$11,Oversigt!$H$11,IF(G33<Oversigt!$I$12,Oversigt!$H$12,Oversigt!$H$13))))) -> Uncommon | F33: 2 GP | G33: 2 | H33: 2 lbs | I33: 2 | Q33: Container | S33: A Glass Bottle holds up to 1½ pints.
A34: Grappling Hook | B34: Adventuring Gear | C34: Udstyr | D34: Player's Handbook | E34: =IF(G34<Oversigt!$I$8,Oversigt!$H$8,IF(G34<Oversigt!$I$9,Oversigt!$H$9,IF(G34<Oversigt!$I$10,Oversigt!$H$10,IF(G34<Oversigt!$I$11,Oversigt!$H$11,IF(G34<Oversigt!$I$12,Oversigt!$H$12,Oversigt!$H$13))))) -> Uncommon | F34: 2 GP | G34: 2 | H34: 4 lbs | I34: 4 | Q34: Utility, Exploration | S34: As a Utilize action, you can throw the Grappling Hook at a railing, a ledge, or another catch within 50 feet of yourself, and the hook catches on if you succeed on a DC 13 Dexterity (Acrobatics) check. If you tied a Rope to the hook, you can then climb it.
A35: Iron Pot | B35: Adventuring Gear | C35: Udstyr | D35: Player's Handbook | E35: =IF(G35<Oversigt!$I$8,Oversigt!$H$8,IF(G35<Oversigt!$I$9,Oversigt!$H$9,IF(G35<Oversigt!$I$10,Oversigt!$H$10,IF(G35<Oversigt!$I$11,Oversigt!$H$11,IF(G35<Oversigt!$I$12,Oversigt!$H$12,Oversigt!$H$13))))) -> Uncommon | F35: 2 GP | G35: 2 | H35: 10 lbs | I35: 10 | Q35: Container | S35: An Iron Pot holds up to 1 gallon.
A36: Manacles | B36: Adventuring Gear | C36: Udstyr | D36: Player's Handbook | E36: =IF(G36<Oversigt!$I$8,Oversigt!$H$8,IF(G36<Oversigt!$I$9,Oversigt!$H$9,IF(G36<Oversigt!$I$10,Oversigt!$H$10,IF(G36<Oversigt!$I$11,Oversigt!$H$11,IF(G36<Oversigt!$I$12,Oversigt!$H$12,Oversigt!$H$13))))) -> Uncommon | F36: 2 GP | G36: 2 | H36: 6 lbs | I36: 6 | Q36: Control, Utility | S36: As a Utilize action, you can use Manacles to bind an unwilling Small or Medium creature within 5 feet of yourself that has the Grappled, Incapacitated, or Restrained condition if you succeed on a DC 13 Dexterity (Sleight of Hand) check. While bound, a creature has Disadvantage on attack rolls, and the creature is Restrained if the Manacles are attached to a chain or hook that is fixed in place. Escaping the Manacles requires a successful DC 20 Dexterity (Sleight of Hand) check as an action. Bursting them requires a successful DC 25 Strength (Athletics) check as an action. Each set of Manacles comes with a key. Without the key, a creature can use Thieves’ Tools to pick the Manacles’ lock with a successful DC 15 Dexterity (Sleight of Hand) check.
A37: Shovel | B37: Adventuring Gear | C37: Udstyr | D37: Player's Handbook | E37: =IF(G37<Oversigt!$I$8,Oversigt!$H$8,IF(G37<Oversigt!$I$9,Oversigt!$H$9,IF(G37<Oversigt!$I$10,Oversigt!$H$10,IF(G37<Oversigt!$I$11,Oversigt!$H$11,IF(G37<Oversigt!$I$12,Oversigt!$H$12,Oversigt!$H$13))))) -> Uncommon | F37: 2 GP | G37: 2 | H37: 5 lbs | I37: 5 | Q37: Utility | S37: Working for 1 hour, you can use a Shovel to dig a hole that is 5 feet on each side in soil or similar material.
A38: Tent | B38: Adventuring Gear | C38: Udstyr | D38: Player's Handbook | E38: =IF(G38<Oversigt!$I$8,Oversigt!$H$8,IF(G38<Oversigt!$I$9,Oversigt!$H$9,IF(G38<Oversigt!$I$10,Oversigt!$H$10,IF(G38<Oversigt!$I$11,Oversigt!$H$11,IF(G38<Oversigt!$I$12,Oversigt!$H$12,Oversigt!$H$13))))) -> Uncommon | F38: 2 GP | G38: 2 | H38: 20 lbs | I38: 20 | Q38: Social, Utility, Exploration | S38: A Tent sleeps up to two Small or Medium creatures.
A39: Traveler's Clothes | B39: Adventuring Gear | C39: Udstyr | D39: Player's Handbook | E39: =IF(G39<Oversigt!$I$8,Oversigt!$H$8,IF(G39<Oversigt!$I$9,Oversigt!$H$9,IF(G39<Oversigt!$I$10,Oversigt!$H$10,IF(G39<Oversigt!$I$11,Oversigt!$H$11,IF(G39<Oversigt!$I$12,Oversigt!$H$12,Oversigt!$H$13))))) -> Uncommon | F39: 2 GP | G39: 2 | H39: 4 lbs | I39: 4 | Q39: Social, Outerwear | S39: Traveler’s Clothes are resilient garments designed for travel in various environments.
A40: Portable Ram | B40: Adventuring Gear | C40: Udstyr | D40: Player's Handbook | E40: =IF(G40<Oversigt!$I$8,Oversigt!$H$8,IF(G40<Oversigt!$I$9,Oversigt!$H$9,IF(G40<Oversigt!$I$10,Oversigt!$H$10,IF(G40<Oversigt!$I$11,Oversigt!$H$11,IF(G40<Oversigt!$I$12,Oversigt!$H$12,Oversigt!$H$13))))) -> Uncommon | F40: 4 GP | G40: 4 | H40: 35 lbs | I40: 35 | Q40: Utility, Exploration | S40: You can use a Portable Ram to break down doors. When doing so, you gain a +4 bonus to the Strength check. One other character can help you use the ram, giving you Advantage on this check.
A41: Chain | B41: Adventuring Gear | C41: Udstyr | D41: Player's Handbook | E41: =IF(G41<Oversigt!$I$8,Oversigt!$H$8,IF(G41<Oversigt!$I$9,Oversigt!$H$9,IF(G41<Oversigt!$I$10,Oversigt!$H$10,IF(G41<Oversigt!$I$11,Oversigt!$H$11,IF(G41<Oversigt!$I$12,Oversigt!$H$12,Oversigt!$H$13))))) -> Uncommon | F41: 5 GP | G41: 5 | H41: 10 lbs | I41: 10 | S41: As a Utilize action, you can wrap a Chain around an unwilling creature within 5 feet of yourself that has the Grappled, Incapacitated, or Restrained condition if you succeed on a DC 13 Strength (Athletics) check. If the creature’s legs are bound, the creature has the Restrained condition until it escapes. Escaping the Chain requires the creature to make a successful DC 18 Dexterity (Acrobatics) check as an action. Bursting the Chain requires a successful DC 20 Strength (Athletics) check as an action.
A42: Chest | B42: Adventuring Gear | C42: Udstyr | D42: Player's Handbook | E42: =IF(G42<Oversigt!$I$8,Oversigt!$H$8,IF(G42<Oversigt!$I$9,Oversigt!$H$9,IF(G42<Oversigt!$I$10,Oversigt!$H$10,IF(G42<Oversigt!$I$11,Oversigt!$H$11,IF(G42<Oversigt!$I$12,Oversigt!$H$12,Oversigt!$H$13))))) -> Uncommon | F42: 5 GP | G42: 5 | H42: 25 lbs | I42: 25 | Q42: Container | S42: A Chest holds up to 12 cubic feet of contents.
A43: Costume | B43: Adventuring Gear | C43: Udstyr | D43: Player's Handbook | E43: =IF(G43<Oversigt!$I$8,Oversigt!$H$8,IF(G43<Oversigt!$I$9,Oversigt!$H$9,IF(G43<Oversigt!$I$10,Oversigt!$H$10,IF(G43<Oversigt!$I$11,Oversigt!$H$11,IF(G43<Oversigt!$I$12,Oversigt!$H$12,Oversigt!$H$13))))) -> Uncommon | F43: 5 GP | G43: 5 | H43: 4 lbs | I43: 4 | Q43: Social, Deception, Outerwear | S43: While wearing a Costume, you have Advantage on any ability check you make to impersonate the person or type of person it represents.
A44: Healer's Kit | B44: Adventuring Gear | C44: Udstyr | D44: Player's Handbook | E44: =IF(G44<Oversigt!$I$8,Oversigt!$H$8,IF(G44<Oversigt!$I$9,Oversigt!$H$9,IF(G44<Oversigt!$I$10,Oversigt!$H$10,IF(G44<Oversigt!$I$11,Oversigt!$H$11,IF(G44<Oversigt!$I$12,Oversigt!$H$12,Oversigt!$H$13))))) -> Uncommon | F44: 5 GP | G44: 5 | H44: 3 lbs | I44: 3 | Q44: Healing, Combat | S44: A Healer’s Kit has ten uses. As a Utilize action, you can expend one of its uses to stabilize an Unconscious creature that has 0 Hit Points without needing to make a Wisdom (Medicine) check.
A45: Hooded Lantern | B45: Adventuring Gear | C45: Udstyr | D45: Player's Handbook | E45: =IF(G45<Oversigt!$I$8,Oversigt!$H$8,IF(G45<Oversigt!$I$9,Oversigt!$H$9,IF(G45<Oversigt!$I$10,Oversigt!$H$10,IF(G45<Oversigt!$I$11,Oversigt!$H$11,IF(G45<Oversigt!$I$12,Oversigt!$H$12,Oversigt!$H$13))))) -> Uncommon | F45: 5 GP | G45: 5 | H45: 2 lbs | I45: 2 | Q45: Utility, Exploration | S45: A Hooded Lantern burns Oil as fuel to cast Bright Light in a 30-foot radius and Dim Light for an additional 30 feet. As a Bonus Action, you can lower the hood, reducing the light to Dim Light in a 5-foot radius, or raise it again.
A46: Hunting Trap | B46: Adventuring Gear | C46: Udstyr | D46: Player's Handbook | E46: =IF(G46<Oversigt!$I$8,Oversigt!$H$8,IF(G46<Oversigt!$I$9,Oversigt!$H$9,IF(G46<Oversigt!$I$10,Oversigt!$H$10,IF(G46<Oversigt!$I$11,Oversigt!$H$11,IF(G46<Oversigt!$I$12,Oversigt!$H$12,Oversigt!$H$13))))) -> Uncommon | F46: 5 GP | G46: 5 | H46: 25 lbs | I46: 25 | Q46: Damage, Utility | S46: As a Utilize action, you can set a Hunting Trap, which is a sawtooth steel ring that snaps shut when a creature steps on a pressure plate in the center. The trap is affixed by a heavy chain to an immobile object, such as a tree or a spike driven into the ground. A creature that steps on the plate must succeed on a DC 13 Dexterity saving throw or take 1d4 Piercing damage and have its Speed reduced to 0 until the start of its next turn. Thereafter, until the creature breaks free of the trap, its movement is limited by the length of the chain (typically 3 feet). A creature can use its action to make a DC 13 Strength (Athletics) check, freeing itself or another creature within its reach on a success. Each failed check deals 1 Piercing damage to the trapped creature.
A47: Mirror | B47: Adventuring Gear | C47: Udstyr | D47: Player's Handbook | E47: =IF(G47<Oversigt!$I$8,Oversigt!$H$8,IF(G47<Oversigt!$I$9,Oversigt!$H$9,IF(G47<Oversigt!$I$10,Oversigt!$H$10,IF(G47<Oversigt!$I$11,Oversigt!$H$11,IF(G47<Oversigt!$I$12,Oversigt!$H$12,Oversigt!$H$13))))) -> Uncommon | F47: 5 GP | G47: 5 | H47: 1/2 lb | I47: 0.5 | Q47: Social, Utility | S47: A handheld steel Mirror is useful for personal cosmetics but also for peeking around corners and reflecting light as a signal.
A48: Perfume | B48: Adventuring Gear | C48: Udstyr | D48: Player's Handbook | E48: =IF(G48<Oversigt!$I$8,Oversigt!$H$8,IF(G48<Oversigt!$I$9,Oversigt!$H$9,IF(G48<Oversigt!$I$10,Oversigt!$H$10,IF(G48<Oversigt!$I$11,Oversigt!$H$11,IF(G48<Oversigt!$I$12,Oversigt!$H$12,Oversigt!$H$13))))) -> Uncommon | F48: 5 GP | G48: 5 | Q48: Social, Utility, Consumable | S48: Perfume comes in a 4-ounce vial. For 1 hour after applying Perfume to yourself, you have Advantage on Charisma (Persuasion) checks made to influence an Indifferent Humanoid within 5 feet of yourself.
A49: Bullseye Lantern | B49: Adventuring Gear | C49: Udstyr | D49: Player's Handbook | E49: =IF(G49<Oversigt!$I$8,Oversigt!$H$8,IF(G49<Oversigt!$I$9,Oversigt!$H$9,IF(G49<Oversigt!$I$10,Oversigt!$H$10,IF(G49<Oversigt!$I$11,Oversigt!$H$11,IF(G49<Oversigt!$I$12,Oversigt!$H$12,Oversigt!$H$13))))) -> Rare | F49: 10 GP | G49: 10 | H49: 2 lbs | I49: 2 | Q49: Utility, Exploration | S49: A Bullseye Lantern burns Oil as fuel to cast Bright Light in a 60-foot Cone and Dim Light for an additional 60 feet.
A50: Ink | B50: Adventuring Gear | C50: Udstyr | D50: Player's Handbook | E50: =IF(G50<Oversigt!$I$8,Oversigt!$H$8,IF(G50<Oversigt!$I$9,Oversigt!$H$9,IF(G50<Oversigt!$I$10,Oversigt!$H$10,IF(G50<Oversigt!$I$11,Oversigt!$H$11,IF(G50<Oversigt!$I$12,Oversigt!$H$12,Oversigt!$H$13))))) -> Rare | F50: 10 GP | G50: 10 | Q50: Communication, Social, Utility, Consumable | S50: Ink comes in a 1-ounce bottle, which provides enough ink to write about 500 pages.
A51: Lock | B51: Adventuring Gear | C51: Udstyr | D51: Player's Handbook | E51: =IF(G51<Oversigt!$I$8,Oversigt!$H$8,IF(G51<Oversigt!$I$9,Oversigt!$H$9,IF(G51<Oversigt!$I$10,Oversigt!$H$10,IF(G51<Oversigt!$I$11,Oversigt!$H$11,IF(G51<Oversigt!$I$12,Oversigt!$H$12,Oversigt!$H$13))))) -> Rare | F51: 10 GP | G51: 10 | H51: 1 lb | I51: 1 | Q51: Utility, Warding | S51: A Lock comes with a key. Without the key, a creature can use Thieves’ Tools to pick this Lock with a successful DC 15 Dexterity (Sleight of Hand) check.
A52: Riding Saddle | B52: Adventuring Gear | C52: Udstyr | D52: Player's Handbook | E52: =IF(G52<Oversigt!$I$8,Oversigt!$H$8,IF(G52<Oversigt!$I$9,Oversigt!$H$9,IF(G52<Oversigt!$I$10,Oversigt!$H$10,IF(G52<Oversigt!$I$11,Oversigt!$H$11,IF(G52<Oversigt!$I$12,Oversigt!$H$12,Oversigt!$H$13))))) -> Rare | F52: 10 GP | G52: 10 | H52: 25 lbs | I52: 25 | Q52: Utility | S52: A standard saddle for a riding mount.
A53: Fine Clothes | B53: Adventuring Gear | C53: Udstyr | D53: Player's Handbook | E53: =IF(G53<Oversigt!$I$8,Oversigt!$H$8,IF(G53<Oversigt!$I$9,Oversigt!$H$9,IF(G53<Oversigt!$I$10,Oversigt!$H$10,IF(G53<Oversigt!$I$11,Oversigt!$H$11,IF(G53<Oversigt!$I$12,Oversigt!$H$12,Oversigt!$H$13))))) -> Rare | F53: 15 GP | G53: 15 | H53: 6 lbs | I53: 6 | Q53: Social, Outerwear | S53: Fine Clothes are made of expensive fabrics and adorned with expertly crafted details. Some events and locations admit only people wearing these clothes.
A54: Military Saddle | B54: Adventuring Gear | C54: Udstyr | D54: Player's Handbook | E54: =IF(G54<Oversigt!$I$8,Oversigt!$H$8,IF(G54<Oversigt!$I$9,Oversigt!$H$9,IF(G54<Oversigt!$I$10,Oversigt!$H$10,IF(G54<Oversigt!$I$11,Oversigt!$H$11,IF(G54<Oversigt!$I$12,Oversigt!$H$12,Oversigt!$H$13))))) -> Rare | F54: 20 GP | G54: 20 | H54: 30 lbs | I54: 30 | Q54: Utility | S54: A Military Saddle gives Advantage on any ability check you make to remain mounted.
A55: Book | B55: Adventuring Gear | C55: Udstyr | D55: Player's Handbook | E55: =IF(G55<Oversigt!$I$8,Oversigt!$H$8,IF(G55<Oversigt!$I$9,Oversigt!$H$9,IF(G55<Oversigt!$I$10,Oversigt!$H$10,IF(G55<Oversigt!$I$11,Oversigt!$H$11,IF(G55<Oversigt!$I$12,Oversigt!$H$12,Oversigt!$H$13))))) -> Rare | F55: 25 GP | G55: 25 | H55: 5 lbs | I55: 5 | Q55: Social, Utility | S55: A Book contains fiction or nonfiction. If you consult an accurate nonfiction Book about its topic, you gain a +5 bonus to Intelligence (Arcana, History, Nature, or Religion) checks you make about that topic.
A56: Climber's Kit | B56: Adventuring Gear | C56: Udstyr | D56: Player's Handbook | E56: =IF(G56<Oversigt!$I$8,Oversigt!$H$8,IF(G56<Oversigt!$I$9,Oversigt!$H$9,IF(G56<Oversigt!$I$10,Oversigt!$H$10,IF(G56<Oversigt!$I$11,Oversigt!$H$11,IF(G56<Oversigt!$I$12,Oversigt!$H$12,Oversigt!$H$13))))) -> Rare | F56: 25 GP | G56: 25 | H56: 12 lbs | I56: 12 | Q56: Movement, Utility, Exploration | S56: A Climber’s Kit includes boot tips, gloves, pitons, and a harness. As a Utilize action, you can use the Climber’s Kit to anchor yourself; when you do, you can’t fall more than 25 feet from the anchor point, and you can’t move more than 25 feet from there without undoing the anchor as a Bonus Action.
A57: Component Pouch | B57: Adventuring Gear | C57: Udstyr | D57: Player's Handbook | E57: =IF(G57<Oversigt!$I$8,Oversigt!$H$8,IF(G57<Oversigt!$I$9,Oversigt!$H$9,IF(G57<Oversigt!$I$10,Oversigt!$H$10,IF(G57<Oversigt!$I$11,Oversigt!$H$11,IF(G57<Oversigt!$I$12,Oversigt!$H$12,Oversigt!$H$13))))) -> Rare | F57: 25 GP | G57: 25 | H57: 2 lbs | I57: 2 | Q57: Utility, Container | S57: A Component Pouch is watertight and filled with compartments that hold all the free Material components of your spells.
A58: Holy Water | B58: Adventuring Gear | C58: Udstyr | D58: Player's Handbook | E58: =IF(G58<Oversigt!$I$8,Oversigt!$H$8,IF(G58<Oversigt!$I$9,Oversigt!$H$9,IF(G58<Oversigt!$I$10,Oversigt!$H$10,IF(G58<Oversigt!$I$11,Oversigt!$H$11,IF(G58<Oversigt!$I$12,Oversigt!$H$12,Oversigt!$H$13))))) -> Rare | F58: 25 GP | G58: 25 | H58: 1 lb | I58: 1 | Q58: Damage, Utility, Combat | S58: When you take the Attack action, you can replace one of your attacks with throwing a flask of Holy Water. Target one creature you can see within 20 feet of yourself. The target must succeed on a Dexterity saving throw (DC 8 plus your Dexterity modifier and Proficiency Bonus) or take 2d8 Radiant damage if it is a Fiend or an Undead.
A59: Gunpowder (powder horn) | B59: Adventuring Gear | C59: Udstyr | D59: Dungeon Master's Guide | E59: =IF(G59<Oversigt!$I$8,Oversigt!$H$8,IF(G59<Oversigt!$I$9,Oversigt!$H$9,IF(G59<Oversigt!$I$10,Oversigt!$H$10,IF(G59<Oversigt!$I$11,Oversigt!$H$11,IF(G59<Oversigt!$I$12,Oversigt!$H$12,Oversigt!$H$13))))) -> Rare | F59: 35 GP | G59: 35 | H59: 2 lbs | I59: 2 | Q59: Explosives | S59: Setting fire to a powder horn full of Gunpowder causes it to explode. When a powder horn explodes, each creature in a 10-foot-radius Sphere centered on the powder horn makes a DC 12 Dexterity saving throw, taking 10 (3d6) Fire damage on a failed save or half as much damage on a successful one.
A60: Smoke Grenade | B60: Adventuring Gear | C60: Udstyr | D60: Dungeon Master's Guide | E60: =IF(G60<Oversigt!$I$8,Oversigt!$H$8,IF(G60<Oversigt!$I$9,Oversigt!$H$9,IF(G60<Oversigt!$I$10,Oversigt!$H$10,IF(G60<Oversigt!$I$11,Oversigt!$H$11,IF(G60<Oversigt!$I$12,Oversigt!$H$12,Oversigt!$H$13))))) -> Very Rare | F60: 50 GP | G60: 50 | H60: 2 lbs | I60: 2 | Q60: Explosives | S60: As an action, you can either throw a grenade at a point up to 60 feet away or use a Grenade Launcher to propel the grenade to a point up to 1,000 feet away. The grenade explodes at that point, creating a particular effect in a 20-foot-radius Sphere. The area of the Sphere is Heavily Obscured by smoke for 1 minute. A strong wind (such as the Gust of Wind spell) disperses the smoke.
A61: Exotic Saddle | B61: Adventuring Gear | C61: Udstyr | D61: Player's Handbook | E61: =IF(G61<Oversigt!$I$8,Oversigt!$H$8,IF(G61<Oversigt!$I$9,Oversigt!$H$9,IF(G61<Oversigt!$I$10,Oversigt!$H$10,IF(G61<Oversigt!$I$11,Oversigt!$H$11,IF(G61<Oversigt!$I$12,Oversigt!$H$12,Oversigt!$H$13))))) -> Very Rare | F61: 60 GP | G61: 60 | H61: 40 lbs | I61: 40 | Q61: Utility | S61: An Exotic Saddle is required for riding an aquatic or a flying mount.
A62: Bomb | B62: Adventuring Gear | C62: Udstyr | D62: Dungeon Master's Guide | E62: =IF(G62<Oversigt!$I$8,Oversigt!$H$8,IF(G62<Oversigt!$I$9,Oversigt!$H$9,IF(G62<Oversigt!$I$10,Oversigt!$H$10,IF(G62<Oversigt!$I$11,Oversigt!$H$11,IF(G62<Oversigt!$I$12,Oversigt!$H$12,Oversigt!$H$13))))) -> Very Rare | F62: 100 GP | G62: 100 | H62: 1 lb | I62: 1 | Q62: Explosives | S62: As an action, you can light a Bomb and throw it at a point up to 60 feet away, where it explodes. Each creature in a 5-foot-radius Sphere centered on that point makes a DC 12 Dexterity saving throw, taking 3d6 Fire damage on a failed save or half as much damage on a successful one.
A63: Magnifying Glass | B63: Adventuring Gear | C63: Udstyr | D63: Player's Handbook | E63: =IF(G63<Oversigt!$I$8,Oversigt!$H$8,IF(G63<Oversigt!$I$9,Oversigt!$H$9,IF(G63<Oversigt!$I$10,Oversigt!$H$10,IF(G63<Oversigt!$I$11,Oversigt!$H$11,IF(G63<Oversigt!$I$12,Oversigt!$H$12,Oversigt!$H$13))))) -> Very Rare | F63: 100 GP | G63: 100 | Q63: Detection, Utility, Exploration | S63: A Magnifying Glass grants Advantage on any ability check made to appraise or inspect a highly detailed item. Lighting a fire with a Magnifying Glass requires light as bright as sunlight to focus, tinder to ignite, and about 5 minutes for the fire to ignite.
A64: Gunpowder (keg) | B64: Adventuring Gear | C64: Udstyr | D64: Dungeon Master's Guide | E64: =IF(G64<Oversigt!$I$8,Oversigt!$H$8,IF(G64<Oversigt!$I$9,Oversigt!$H$9,IF(G64<Oversigt!$I$10,Oversigt!$H$10,IF(G64<Oversigt!$I$11,Oversigt!$H$11,IF(G64<Oversigt!$I$12,Oversigt!$H$12,Oversigt!$H$13))))) -> Legendary | F64: 250 GP | G64: 250 | H64: 20 lbs | I64: 20 | Q64: Explosives | S64: Setting fire to a keg full of Gunpowder causes it to explode. When a keg explodes, each creature in a 10-foot-radius Sphere centered on the keg makes a DC 12 Dexterity saving throw, taking 24 (7d6) Fire damage on a failed save or half as much damage on a successful one.
A65: Spyglass | B65: Adventuring Gear | C65: Udstyr | D65: Player's Handbook | E65: =IF(G65<Oversigt!$I$8,Oversigt!$H$8,IF(G65<Oversigt!$I$9,Oversigt!$H$9,IF(G65<Oversigt!$I$10,Oversigt!$H$10,IF(G65<Oversigt!$I$11,Oversigt!$H$11,IF(G65<Oversigt!$I$12,Oversigt!$H$12,Oversigt!$H$13))))) -> Legendary | F65: 1,000 GP | G65: 1000 | H65: 1 lb | I65: 1 | Q65: Social, Utility, Exploration | S65: Objects viewed through a Spyglass are magnified to twice their size.
A66: Dynamite Stick | B66: Adventuring Gear | C66: Udstyr | D66: Dungeon Master's Guide | E66: =IF(G66<Oversigt!$I$8,Oversigt!$H$8,IF(G66<Oversigt!$I$9,Oversigt!$H$9,IF(G66<Oversigt!$I$10,Oversigt!$H$10,IF(G66<Oversigt!$I$11,Oversigt!$H$11,IF(G66<Oversigt!$I$12,Oversigt!$H$12,Oversigt!$H$13))))) -> Common | H66: 1 lb | I66: 1 | Q66: Explosives | S66: An an action, you can light a Dynamite Stick and throw it at a point up to 60 feet away, where it explodes. Each creature in a 5-foot-radius Sphere centered on that point makes a DC 12 Dexterity saving throw, taking 3d6 Force damage on a failed save or half as much damage on a successful one. It takes 1 minute to bind two or more Dynamite Sticks together so they explode at the same time. Each stick after the first increases the damage by 1d6 (to a maximum of 10d6) and the effect’s radius by 5 feet (to a maximum of 20 feet). It takes 1 minute to rig dynamite with a longer fuse so it explodes after a longer period of time, such as 1 minute or 10 minutes.
A67: Fragmentation Grenade | B67: Adventuring Gear | C67: Udstyr | D67: Dungeon Master's Guide | E67: =IF(G67<Oversigt!$I$8,Oversigt!$H$8,IF(G67<Oversigt!$I$9,Oversigt!$H$9,IF(G67<Oversigt!$I$10,Oversigt!$H$10,IF(G67<Oversigt!$I$11,Oversigt!$H$11,IF(G67<Oversigt!$I$12,Oversigt!$H$12,Oversigt!$H$13))))) -> Common | H67: 1 lb | I67: 1 | Q67: Explosives | S67: As an action, you can either throw a grenade at a point up to 60 feet away or use a Grenade Launcher to propel the grenade to a point up to 1,000 feet away. The grenade explodes at that point, creating a particular effect in a 20-foot-radius Sphere. Each creature in the Sphere makes a DC 15 Dexterity saving throw, taking 17 (5d6) Piercing damage on a failed save or half as much damage on a successful one.
A68: Grenade Launcher | B68: Adventuring Gear | C68: Udstyr | D68: Dungeon Master's Guide | E68: =IF(G68<Oversigt!$I$8,Oversigt!$H$8,IF(G68<Oversigt!$I$9,Oversigt!$H$9,IF(G68<Oversigt!$I$10,Oversigt!$H$10,IF(G68<Oversigt!$I$11,Oversigt!$H$11,IF(G68<Oversigt!$I$12,Oversigt!$H$12,Oversigt!$H$13))))) -> Common | H68: 7 lbs | I68: 7 | Q68: Explosives | S68: As an action, you can either throw a grenade at a point up to 60 feet away or use a Grenade Launcher to propel the grenade to a point up to 1,000 feet away. The grenade explodes at that point, creating a particular effect in a 20-foot-radius Sphere.
A69: Sling Bullets | B69: Ammunition | C69: Ammunition | D69: Player's Handbook | E69: =IF(G69<Oversigt!$I$8,Oversigt!$H$8,IF(G69<Oversigt!$I$9,Oversigt!$H$9,IF(G69<Oversigt!$I$10,Oversigt!$H$10,IF(G69<Oversigt!$I$11,Oversigt!$H$11,IF(G69<Oversigt!$I$12,Oversigt!$H$12,Oversigt!$H$13))))) -> Common | F69: 4 CP | G69: 0.04 | H69: 1 1/2 lb | I69: 1.5 | Q69: Damage, Combat | S69: Sling bullets are used with a weapon that has the ammunition property to make a ranged attack. Each time you attack with the weapon, you expend one piece of ammunition. Drawing the ammunition from a quiver, case, or other container is part of the attack (you need a free hand to load a one-handed weapon). At the end of the battle, you can recover half your expended ammunition by taking a minute to search the battlefield.
A70: Needles | B70: Ammunition | C70: Ammunition | D70: Player's Handbook | E70: =IF(G70<Oversigt!$I$8,Oversigt!$H$8,IF(G70<Oversigt!$I$9,Oversigt!$H$9,IF(G70<Oversigt!$I$10,Oversigt!$H$10,IF(G70<Oversigt!$I$11,Oversigt!$H$11,IF(G70<Oversigt!$I$12,Oversigt!$H$12,Oversigt!$H$13))))) -> Common | F70: 1 GP | G70: 1 | H70: 1 lb | I70: 1 | Q70: Damage, Combat | S70: Blowgun needles are used with a weapon that has the ammunition property to make a ranged attack. Each time you attack with the weapon, you expend one piece of ammunition. Drawing the ammunition from a quiver, case, or other container is part of the attack (you need a free hand to load a one-handed weapon). At the end of the battle, you can recover half your expended ammunition by taking a minute to search the battlefield.
A71: Firearm Bullets | B71: Ammunition | C71: Ammunition | D71: Player's Handbook | E71: =IF(G71<Oversigt!$I$8,Oversigt!$H$8,IF(G71<Oversigt!$I$9,Oversigt!$H$9,IF(G71<Oversigt!$I$10,Oversigt!$H$10,IF(G71<Oversigt!$I$11,Oversigt!$H$11,IF(G71<Oversigt!$I$12,Oversigt!$H$12,Oversigt!$H$13))))) -> Uncommon | F71: 3 GP | G71: 3 | H71: 2 lbs | I71: 2 | S71: Firearm Bullets are destroyed upon use in a modern firearm.
A72: Energy Cell | B72: Ammunition | C72: Ammunition | D72: D&D Beyond Basic Rules | E72: =IF(G72<Oversigt!$I$8,Oversigt!$H$8,IF(G72<Oversigt!$I$9,Oversigt!$H$9,IF(G72<Oversigt!$I$10,Oversigt!$H$10,IF(G72<Oversigt!$I$11,Oversigt!$H$11,IF(G72<Oversigt!$I$12,Oversigt!$H$12,Oversigt!$H$13))))) -> Common | H72: 1/2 lb | I72: 0.5 | Q72: Damage, Combat | S72: Futuristic firearms use Energy Cells that become depleted but could possibly be recharged with the proper equipment.
A73: Staff | B73: Arcane Focus | C73: Fokus | D73: Player's Handbook | E73: =IF(G73<Oversigt!$I$8,Oversigt!$H$8,IF(G73<Oversigt!$I$9,Oversigt!$H$9,IF(G73<Oversigt!$I$10,Oversigt!$H$10,IF(G73<Oversigt!$I$11,Oversigt!$H$11,IF(G73<Oversigt!$I$12,Oversigt!$H$12,Oversigt!$H$13))))) -> Uncommon | F73: 5 GP | G73: 5 | H73: 4 lbs | I73: 4 | Q73: Utility | S73: An Arcane Focus is bejeweled or carved to channel arcane magic. A Sorcerer, Warlock, or Wizard can use such an item as a Spellcasting Focus.
A74: Crystal | B74: Arcane Focus | C74: Fokus | D74: Player's Handbook | E74: =IF(G74<Oversigt!$I$8,Oversigt!$H$8,IF(G74<Oversigt!$I$9,Oversigt!$H$9,IF(G74<Oversigt!$I$10,Oversigt!$H$10,IF(G74<Oversigt!$I$11,Oversigt!$H$11,IF(G74<Oversigt!$I$12,Oversigt!$H$12,Oversigt!$H$13))))) -> Rare | F74: 10 GP | G74: 10 | H74: 1 lb | I74: 1 | Q74: Utility | S74: An Arcane Focus is bejeweled or carved to channel arcane magic. A Sorcerer, Warlock, or Wizard can use such an item as a Spellcasting Focus.
A75: Rod | B75: Arcane Focus | C75: Fokus | D75: Player's Handbook | E75: =IF(G75<Oversigt!$I$8,Oversigt!$H$8,IF(G75<Oversigt!$I$9,Oversigt!$H$9,IF(G75<Oversigt!$I$10,Oversigt!$H$10,IF(G75<Oversigt!$I$11,Oversigt!$H$11,IF(G75<Oversigt!$I$12,Oversigt!$H$12,Oversigt!$H$13))))) -> Rare | F75: 10 GP | G75: 10 | H75: 2 lbs | I75: 2 | Q75: Utility | S75: An Arcane Focus is bejeweled or carved to channel arcane magic. A Sorcerer, Warlock, or Wizard can use such an item as a Spellcasting Focus.
A76: Wand | B76: Arcane Focus | C76: Fokus | D76: Player's Handbook | E76: =IF(G76<Oversigt!$I$8,Oversigt!$H$8,IF(G76<Oversigt!$I$9,Oversigt!$H$9,IF(G76<Oversigt!$I$10,Oversigt!$H$10,IF(G76<Oversigt!$I$11,Oversigt!$H$11,IF(G76<Oversigt!$I$12,Oversigt!$H$12,Oversigt!$H$13))))) -> Rare | F76: 10 GP | G76: 10 | H76: 1 lb | I76: 1 | Q76: Utility | S76: An Arcane Focus is bejeweled or carved to channel arcane magic. A Sorcerer, Warlock, or Wizard can use such an item as a Spellcasting Focus.
A77: Orb | B77: Arcane Focus | C77: Fokus | D77: Player's Handbook | E77: =IF(G77<Oversigt!$I$8,Oversigt!$H$8,IF(G77<Oversigt!$I$9,Oversigt!$H$9,IF(G77<Oversigt!$I$10,Oversigt!$H$10,IF(G77<Oversigt!$I$11,Oversigt!$H$11,IF(G77<Oversigt!$I$12,Oversigt!$H$12,Oversigt!$H$13))))) -> Rare | F77: 20 GP | G77: 20 | H77: 3 lbs | I77: 3 | Q77: Utility | S77: An Arcane Focus is bejeweled or carved to channel arcane magic. A Sorcerer, Warlock, or Wizard can use such an item as a Spellcasting Focus.
A78: Sprig of Mistletoe | B78: Druidic Focus | C78: Fokus | D78: Player's Handbook | E78: =IF(G78<Oversigt!$I$8,Oversigt!$H$8,IF(G78<Oversigt!$I$9,Oversigt!$H$9,IF(G78<Oversigt!$I$10,Oversigt!$H$10,IF(G78<Oversigt!$I$11,Oversigt!$H$11,IF(G78<Oversigt!$I$12,Oversigt!$H$12,Oversigt!$H$13))))) -> Common | F78: 1 GP | G78: 1 | Q78: Utility | S78: A Sprig of Mistletoe is a Druidic Focus that is carved, tied with ribbon, or painted to channel primal magic. A Druid or Ranger can use this item as a Spellcasting Focus.
A79: Wooden Staff | B79: Druidic Focus | C79: Fokus | D79: Player's Handbook | E79: =IF(G79<Oversigt!$I$8,Oversigt!$H$8,IF(G79<Oversigt!$I$9,Oversigt!$H$9,IF(G79<Oversigt!$I$10,Oversigt!$H$10,IF(G79<Oversigt!$I$11,Oversigt!$H$11,IF(G79<Oversigt!$I$12,Oversigt!$H$12,Oversigt!$H$13))))) -> Uncommon | F79: 5 GP | G79: 5 | H79: 4 lbs | I79: 4 | Q79: Utility | S79: A Wooden Staff is a Druidic Focus that is carved, tied with ribbon, or painted to channel primal magic. A Druid or Ranger can use this item as a Spellcasting Focus.
A80: Yew Wand | B80: Druidic Focus | C80: Fokus | D80: Player's Handbook | E80: =IF(G80<Oversigt!$I$8,Oversigt!$H$8,IF(G80<Oversigt!$I$9,Oversigt!$H$9,IF(G80<Oversigt!$I$10,Oversigt!$H$10,IF(G80<Oversigt!$I$11,Oversigt!$H$11,IF(G80<Oversigt!$I$12,Oversigt!$H$12,Oversigt!$H$13))))) -> Rare | F80: 10 GP | G80: 10 | H80: 1 lb | I80: 1 | Q80: Utility | S80: A Yew Wand is a Druidic Focus that is carved, tied with ribbon, or painted to channel primal magic. A Druid or Ranger can use this item as a Spellcasting Focus.
A81: Druidic Focus | B81: Druidic Focus | C81: Fokus | D81: Player's Handbook | E81: =IF(G81<Oversigt!$I$8,Oversigt!$H$8,IF(G81<Oversigt!$I$9,Oversigt!$H$9,IF(G81<Oversigt!$I$10,Oversigt!$H$10,IF(G81<Oversigt!$I$11,Oversigt!$H$11,IF(G81<Oversigt!$I$12,Oversigt!$H$12,Oversigt!$H$13))))) -> Common | Q81: Utility | S81: A Druidic Focus takes one of the forms in the Druidic Focuses table and is carved, tied with ribbon, or painted to channel primal magic. A Druid or Ranger can use such an object as a Spellcasting Focus. Druidic Focuses Focus Weight Cost Sprig of mistletoe — 1 GP Wooden staff (also a Quarterstaff) 4 lb. 5 GP Yew wand 1 lb. 10 GP
A82: Explorer's Pack | B82: Equipment Pack | C82: Pakke | D82: Player's Handbook | E82: =IF(G82<Oversigt!$I$8,Oversigt!$H$8,IF(G82<Oversigt!$I$9,Oversigt!$H$9,IF(G82<Oversigt!$I$10,Oversigt!$H$10,IF(G82<Oversigt!$I$11,Oversigt!$H$11,IF(G82<Oversigt!$I$12,Oversigt!$H$12,Oversigt!$H$13))))) -> Rare | F82: 10 GP | G82: 10 | H82: 55 lbs | I82: 55 | Q82: Utility, Exploration, Container | S82: An Explorer’s Pack contains the following items: Backpack, Bedroll, 2 flasks of Oil, 10 days of Rations, Rope, Tinderbox, 10 Torches, and Waterskin.
A83: Dungeoneer's Pack | B83: Equipment Pack | C83: Pakke | D83: Player's Handbook | E83: =IF(G83<Oversigt!$I$8,Oversigt!$H$8,IF(G83<Oversigt!$I$9,Oversigt!$H$9,IF(G83<Oversigt!$I$10,Oversigt!$H$10,IF(G83<Oversigt!$I$11,Oversigt!$H$11,IF(G83<Oversigt!$I$12,Oversigt!$H$12,Oversigt!$H$13))))) -> Rare | F83: 12 GP | G83: 12 | H83: 55 lbs | I83: 55 | Q83: Utility, Exploration, Container | S83: A Dungeoneer’s Pack contains the following items: Backpack, Caltrops, Crowbar, 2 flasks of Oil, 10 days of Rations, Rope, Tinderbox, 10 Torches, and Waterskin.
A84: Burglar's Pack | B84: Equipment Pack | C84: Pakke | D84: Player's Handbook | E84: =IF(G84<Oversigt!$I$8,Oversigt!$H$8,IF(G84<Oversigt!$I$9,Oversigt!$H$9,IF(G84<Oversigt!$I$10,Oversigt!$H$10,IF(G84<Oversigt!$I$11,Oversigt!$H$11,IF(G84<Oversigt!$I$12,Oversigt!$H$12,Oversigt!$H$13))))) -> Rare | F84: 16 GP | G84: 16 | H84: 47 1/2 lbs | I84: 47.5 | Q84: Utility, Exploration, Container | S84: A Burglar’s Pack contains the following items: Backpack, Ball Bearings, Bell, 10 Candles, Crowbar, Hooded Lantern, 7 flasks of Oil, 5 days of Rations, Rope, Tinderbox, and Waterskin.
A85: Priest's Pack | B85: Equipment Pack | C85: Pakke | D85: Player's Handbook | E85: =IF(G85<Oversigt!$I$8,Oversigt!$H$8,IF(G85<Oversigt!$I$9,Oversigt!$H$9,IF(G85<Oversigt!$I$10,Oversigt!$H$10,IF(G85<Oversigt!$I$11,Oversigt!$H$11,IF(G85<Oversigt!$I$12,Oversigt!$H$12,Oversigt!$H$13))))) -> Rare | F85: 33 GP | G85: 33 | H85: 29 lbs | I85: 29 | Q85: Social, Utility, Exploration, Container, Outerwear | S85: A Priest’s Pack contains the following items: Backpack, Blanket, Holy Water, Lamp, 7 days of Rations, Robe, and Tinderbox.
A86: Diplomat's Pack | B86: Equipment Pack | C86: Pakke | D86: Player's Handbook | E86: =IF(G86<Oversigt!$I$8,Oversigt!$H$8,IF(G86<Oversigt!$I$9,Oversigt!$H$9,IF(G86<Oversigt!$I$10,Oversigt!$H$10,IF(G86<Oversigt!$I$11,Oversigt!$H$11,IF(G86<Oversigt!$I$12,Oversigt!$H$12,Oversigt!$H$13))))) -> Rare | F86: 39 GP | G86: 39 | H86: 39 lbs | I86: 39 | Q86: Social, Utility, Exploration, Container, Outerwear | S86: A Diplomat’s Pack contains the following items: Chest, Fine Clothes, Ink, 5 Ink Pens, Lamp, 2 Map or Scroll Cases, 4 flasks of Oil, 5 sheets of Paper, 5 sheets of Parchment, Perfume, and Tinderbox.
A87: Entertainer's Pack | B87: Equipment Pack | C87: Pakke | D87: Player's Handbook | E87: =IF(G87<Oversigt!$I$8,Oversigt!$H$8,IF(G87<Oversigt!$I$9,Oversigt!$H$9,IF(G87<Oversigt!$I$10,Oversigt!$H$10,IF(G87<Oversigt!$I$11,Oversigt!$H$11,IF(G87<Oversigt!$I$12,Oversigt!$H$12,Oversigt!$H$13))))) -> Very Rare | F87: 40 GP | G87: 40 | H87: 58 1/2 lbs | I87: 58.5 | Q87: Social, Utility, Exploration, Deception, Container, Outerwear | S87: An Entertainer’s Pack contains the following items: Backpack, Bedroll, Bell, Bullseye Lantern, 3 Costumes, Mirror, 8 flasks of Oil, 9 days of Rations, Tinderbox, and Waterskin.
A88: Scholar's Pack | B88: Equipment Pack | C88: Pakke | D88: Player's Handbook | E88: =IF(G88<Oversigt!$I$8,Oversigt!$H$8,IF(G88<Oversigt!$I$9,Oversigt!$H$9,IF(G88<Oversigt!$I$10,Oversigt!$H$10,IF(G88<Oversigt!$I$11,Oversigt!$H$11,IF(G88<Oversigt!$I$12,Oversigt!$H$12,Oversigt!$H$13))))) -> Very Rare | F88: 40 GP | G88: 40 | H88: 22 lbs | I88: 22 | Q88: Social, Utility, Container | S88: A Scholar’s Pack contains the following items: Backpack, Book, Ink, Ink Pen, Lamp, 10 flasks of Oil, 10 sheets of Parchment, and Tinderbox.
A89: Laser Pistol | B89: Firearms Ranged Weapon | C89: Våben | D89: Dungeon Master's Guide | E89: =IF(G89<Oversigt!$I$8,Oversigt!$H$8,IF(G89<Oversigt!$I$9,Oversigt!$H$9,IF(G89<Oversigt!$I$10,Oversigt!$H$10,IF(G89<Oversigt!$I$11,Oversigt!$H$11,IF(G89<Oversigt!$I$12,Oversigt!$H$12,Oversigt!$H$13))))) -> Common | H89: 2 lbs | I89: 2 | J89: 3d6 | K89: Radiant | L89: Ammunition (Firearms), (Range 40/120), Reload, Vex | M89: Vex | Q89: Damage, Combat | R89: Reload (50 shots) | S89: It’s up to you to decide whether a character has proficiency with a firearm. Characters in most D&D worlds wouldn’t have such proficiency. During their downtime, characters can use the training rules in the Player’s Handbook to acquire proficiency, assuming that they have enough ammunition to keep the weapons working while mastering their use. This weapon has the following mastery property. To use this property, you must have a feature that lets you use it. Vex. If you hit a creature with this weapon and deal damage to the creature, you have Advantage on your next attack roll against that creature before the end of your next turn. Notes: Reload (50 shots)
A90: Laser Rifle | B90: Firearms Ranged Weapon | C90: Våben | D90: Dungeon Master's Guide | E90: =IF(G90<Oversigt!$I$8,Oversigt!$H$8,IF(G90<Oversigt!$I$9,Oversigt!$H$9,IF(G90<Oversigt!$I$10,Oversigt!$H$10,IF(G90<Oversigt!$I$11,Oversigt!$H$11,IF(G90<Oversigt!$I$12,Oversigt!$H$12,Oversigt!$H$13))))) -> Common | H90: 7 lbs | I90: 7 | J90: 3d8 | K90: Radiant | L90: Ammunition (Firearms), (Range 100/300), Reload, Two-Handed, Slow | M90: Slow | Q90: Damage, Combat | R90: Reload (30 shots) | S90: It’s up to you to decide whether a character has proficiency with a firearm. Characters in most D&D worlds wouldn’t have such proficiency. During their downtime, characters can use the training rules in the Player’s Handbook to acquire proficiency, assuming that they have enough ammunition to keep the weapons working while mastering their use. This weapon has the following mastery property. To use this property, you must have a feature that lets you use it. Slow. If you hit a creature with this weapon and deal damage to it, you can reduce its Speed by 10 feet until the start of your next turn. If the creature is hit more than once by weapons that have this property, the Speed reduction doesn’t exceed 10 feet. Notes: Reload (30 shots)
A91: Revolver | B91: Firearms Ranged Weapon | C91: Våben | D91: Dungeon Master's Guide | E91: =IF(G91<Oversigt!$I$8,Oversigt!$H$8,IF(G91<Oversigt!$I$9,Oversigt!$H$9,IF(G91<Oversigt!$I$10,Oversigt!$H$10,IF(G91<Oversigt!$I$11,Oversigt!$H$11,IF(G91<Oversigt!$I$12,Oversigt!$H$12,Oversigt!$H$13))))) -> Common | H91: 3 lbs | I91: 3 | J91: 2d8 | K91: Piercing | L91: Ammunition (Firearms), (Range 40/120), Reload, Sap | M91: Sap | Q91: Damage, Combat | R91: Reload (6 shots) | S91: It’s up to you to decide whether a character has proficiency with a firearm. Characters in most D&D worlds wouldn’t have such proficiency. During their downtime, characters can use the training rules in the Player’s Handbook to acquire proficiency, assuming that they have enough ammunition to keep the weapons working while mastering their use. This weapon has the following mastery property. To use this property, you must have a feature that lets you use it. Sap. If you hit a creature with this weapon, that creature has Disadvantage on its next attack roll before the start of your next turn. Notes: Reload (6 shots)
A92: Rifle, Automatic | B92: Firearms Ranged Weapon | C92: Våben | D92: Dungeon Master's Guide | E92: =IF(G92<Oversigt!$I$8,Oversigt!$H$8,IF(G92<Oversigt!$I$9,Oversigt!$H$9,IF(G92<Oversigt!$I$10,Oversigt!$H$10,IF(G92<Oversigt!$I$11,Oversigt!$H$11,IF(G92<Oversigt!$I$12,Oversigt!$H$12,Oversigt!$H$13))))) -> Common | H92: 8 lbs | I92: 8 | J92: 2d8 | K92: Piercing | L92: Ammunition (Firearms), (Range 80/240), Reload, Two-Handed, Burst Fire, Slow | M92: Slow | Q92: Damage, Combat | R92: Reload (30 shots) | S92: It’s up to you to decide whether a character has proficiency with a firearm. Characters in most D&D worlds wouldn’t have such proficiency. During their downtime, characters can use the training rules in the Player’s Handbook to acquire proficiency, assuming that they have enough ammunition to keep the weapons working while mastering their use. This weapon has the following mastery property. To use this property, you must have a feature that lets you use it. Slow. If you hit a creature with this weapon and deal damage to it, you can reduce its Speed by 10 feet until the start of your next turn. If the creature is hit more than once by weapons that have this property, the Speed reduction doesn’t exceed 10 feet. Notes: Reload (30 shots)
A93: Rifle, Hunting | B93: Firearms Ranged Weapon | C93: Våben | D93: Dungeon Master's Guide | E93: =IF(G93<Oversigt!$I$8,Oversigt!$H$8,IF(G93<Oversigt!$I$9,Oversigt!$H$9,IF(G93<Oversigt!$I$10,Oversigt!$H$10,IF(G93<Oversigt!$I$11,Oversigt!$H$11,IF(G93<Oversigt!$I$12,Oversigt!$H$12,Oversigt!$H$13))))) -> Common | H93: 8 lbs | I93: 8 | J93: 2d10 | K93: Piercing | L93: Ammunition (Firearms), (Range 80/240), Reload, Two-Handed, Slow | M93: Slow | Q93: Damage, Combat | R93: Reload (5 shots) | S93: It’s up to you to decide whether a character has proficiency with a firearm. Characters in most D&D worlds wouldn’t have such proficiency. During their downtime, characters can use the training rules in the Player’s Handbook to acquire proficiency, assuming that they have enough ammunition to keep the weapons working while mastering their use. This weapon has the following mastery property. To use this property, you must have a feature that lets you use it. Slow. If you hit a creature with this weapon and deal damage to it, you can reduce its Speed by 10 feet until the start of your next turn. If the creature is hit more than once by weapons that have this property, the Speed reduction doesn’t exceed 10 feet. Notes: Reload (5 shots)
A94: Semiautomatic Pistol | B94: Firearms Ranged Weapon | C94: Våben | D94: Dungeon Master's Guide | E94: =IF(G94<Oversigt!$I$8,Oversigt!$H$8,IF(G94<Oversigt!$I$9,Oversigt!$H$9,IF(G94<Oversigt!$I$10,Oversigt!$H$10,IF(G94<Oversigt!$I$11,Oversigt!$H$11,IF(G94<Oversigt!$I$12,Oversigt!$H$12,Oversigt!$H$13))))) -> Common | H94: 3 lbs | I94: 3 | J94: 2d6 | K94: Piercing | L94: Ammunition (Firearms), (Range 50/150), Reload, Vex | M94: Vex | S94: It’s up to you to decide whether a character has proficiency with a firearm. Characters in most D&D worlds wouldn’t have such proficiency. During their downtime, characters can use the training rules in the Player’s Handbook to acquire proficiency, assuming that they have enough ammunition to keep the weapons working while mastering their use. This weapon has the following mastery property. To use this property, you must have a feature that lets you use it. Vex. If you hit a creature with this weapon and deal damage to the creature, you have Advantage on your next attack roll against that creature before the end of your next turn.
A95: Shotgun | B95: Firearms Ranged Weapon | C95: Våben | D95: Dungeon Master's Guide | E95: =IF(G95<Oversigt!$I$8,Oversigt!$H$8,IF(G95<Oversigt!$I$9,Oversigt!$H$9,IF(G95<Oversigt!$I$10,Oversigt!$H$10,IF(G95<Oversigt!$I$11,Oversigt!$H$11,IF(G95<Oversigt!$I$12,Oversigt!$H$12,Oversigt!$H$13))))) -> Common | H95: 7 lbs | I95: 7 | J95: 2d8 | K95: Piercing | L95: Ammunition (Firearms), (Range 30/90), Reload, Two-Handed, Push | M95: Push | Q95: Damage, Combat | R95: Reload (2 shots) | S95: It’s up to you to decide whether a character has proficiency with a firearm. Characters in most D&D worlds wouldn’t have such proficiency. During their downtime, characters can use the training rules in the Player’s Handbook to acquire proficiency, assuming that they have enough ammunition to keep the weapons working while mastering their use. This weapon has the following mastery property. To use this property, you must have a feature that lets you use it. Push. If you hit a creature with this weapon, you can push the creature up to 10 feet straight away from yourself if it is Large or smaller. Notes: Reload (2 shots)
A96: Ring Mail | B96: Heavy Armor | C96: Rustning | D96: D&D Beyond Basic Rules | E96: =IF(G96<Oversigt!$I$8,Oversigt!$H$8,IF(G96<Oversigt!$I$9,Oversigt!$H$9,IF(G96<Oversigt!$I$10,Oversigt!$H$10,IF(G96<Oversigt!$I$11,Oversigt!$H$11,IF(G96<Oversigt!$I$12,Oversigt!$H$12,Oversigt!$H$13))))) -> Rare | F96: 30 GP | G96: 30 | H96: 40 lbs | I96: 40 | N96: 14 | P96: Disadvantage | Q96: Warding | S96: This armor is leather armor with heavy rings sewn into it. The rings help reinforce the armor against blows from swords and axes. Ring mail is inferior to chain mail, and it's usually worn only by those who can't afford better armor.
A97: Chain Mail | B97: Heavy Armor | C97: Rustning | D97: D&D Beyond Basic Rules | E97: =IF(G97<Oversigt!$I$8,Oversigt!$H$8,IF(G97<Oversigt!$I$9,Oversigt!$H$9,IF(G97<Oversigt!$I$10,Oversigt!$H$10,IF(G97<Oversigt!$I$11,Oversigt!$H$11,IF(G97<Oversigt!$I$12,Oversigt!$H$12,Oversigt!$H$13))))) -> Very Rare | F97: 75 GP | G97: 75 | H97: 55 lbs | I97: 55 | N97: 16 | O97: 13 | P97: Disadvantage | Q97: Warding | S97: Made of interlocking metal rings, chain mail includes a layer of quilted fabric worn underneath the mail to prevent chafing and to cushion the impact of blows. The suit includes gauntlets.
A98: Splint | B98: Heavy Armor | C98: Rustning | D98: D&D Beyond Basic Rules | E98: =IF(G98<Oversigt!$I$8,Oversigt!$H$8,IF(G98<Oversigt!$I$9,Oversigt!$H$9,IF(G98<Oversigt!$I$10,Oversigt!$H$10,IF(G98<Oversigt!$I$11,Oversigt!$H$11,IF(G98<Oversigt!$I$12,Oversigt!$H$12,Oversigt!$H$13))))) -> Very Rare | F98: 200 GP | G98: 200 | H98: 60 lbs | I98: 60 | N98: 17 | O98: 15 | P98: Disadvantage | Q98: Warding | S98: This armor is made of narrow vertical strips of metal riveted to a backing of leather that is worn over cloth padding. Flexible chain mail protects the joints.
A99: Plate | B99: Heavy Armor | C99: Rustning | D99: D&D Beyond Basic Rules | E99: =IF(G99<Oversigt!$I$8,Oversigt!$H$8,IF(G99<Oversigt!$I$9,Oversigt!$H$9,IF(G99<Oversigt!$I$10,Oversigt!$H$10,IF(G99<Oversigt!$I$11,Oversigt!$H$11,IF(G99<Oversigt!$I$12,Oversigt!$H$12,Oversigt!$H$13))))) -> Legendary | F99: 1,500 GP | G99: 1500 | H99: 65 lbs | I99: 65 | N99: 18 | O99: 15 | P99: Disadvantage | Q99: Warding | S99: Plate consists of shaped, interlocking metal plates to cover the entire body. A suit of plate includes gauntlets, heavy leather boots, a visored helmet, and thick layers of padding underneath the armor. Buckles and straps distribute the weight over the body.
A100: Emblem | B100: Holy Symbol | C100: Fokus | D100: Player's Handbook | E100: =IF(G100<Oversigt!$I$8,Oversigt!$H$8,IF(G100<Oversigt!$I$9,Oversigt!$H$9,IF(G100<Oversigt!$I$10,Oversigt!$H$10,IF(G100<Oversigt!$I$11,Oversigt!$H$11,IF(G100<Oversigt!$I$12,Oversigt!$H$12,Oversigt!$H$13))))) -> Uncommon | F100: 5 GP | G100: 5 | Q100: Utility | S100: An Emblem is a Holy Symbol that is bejeweled or painted to channel divine magic. A Cleric or Paladin can use this item as a Spellcasting Focus. Emblems must be borne on fabric or a Shield.
...

Sheet Ark1

Sheet Våben
A1: Navn | B1: Kategori | C1: Skade | D1: Skadetype | E1: Egenskaber | F1: Mastery | G1: Pris | H1: Pris (GP) | I1: Vægt | J1: Vægt (lbs) | K1: Kilde | L1: Beskrivelse
A2: Dart | B2: Simple Ranged Weapon | C2: 1d4 | D2: Piercing | E2: Finesse, Thrown (range 20/60), Vex | F2: Vex | G2: 5 CP | H2: 0.05 | I2: 1/4 lb | J2: 0.25 | K2: D&D Beyond Basic Rules | L2: Proficiency with a Dart allows you to add your proficiency bonus to the attack roll for any attack you make with it. This weapon has the following mastery property. To use this property, you must have a feature that lets you use it. Vex. If you hit a creature with this weapon and deal damage to the creature, you have Advantage on your next attack roll against that creature before the end of your next turn.
A3: Club | B3: Simple Melee Weapon | C3: 1d4 | D3: Bludgeoning | E3: Light, Slow | F3: Slow | G3: 1 SP | H3: 0.1 | I3: 2 lbs | J3: 2 | K3: D&D Beyond Basic Rules | L3: Proficiency with a Club allows you to add your proficiency bonus to the attack roll for any attack you make with it. This weapon has the following mastery property. To use this property, you must have a feature that lets you use it. Slow. If you hit a creature with this weapon and deal damage to it, you can reduce its Speed by 10 feet until the start of your next turn. If the creature is hit more than once by weapons that have this property, the Speed reduction doesn’t exceed 10 feet.
A4: Sling | B4: Simple Ranged Weapon | C4: 1d4 | D4: Bludgeoning | E4: Ammunition, (Range 30/120), Slow | F4: Slow | G4: 1 SP | H4: 0.1 | K4: D&D Beyond Basic Rules | L4: Proficiency with a Sling allows you to add your proficiency bonus to the attack roll for any attack you make with it. This weapon has the following mastery property. To use this property, you must have a feature that lets you use it. Slow. If you hit a creature with this weapon and deal damage to it, you can reduce its Speed by 10 feet until the start of your next turn. If the creature is hit more than once by weapons that have this property, the Speed reduction doesn’t exceed 10 feet.
A5: Greatclub | B5: Simple Melee Weapon | C5: 1d8 | D5: Bludgeoning | E5: Two-Handed, Push | F5: Push | G5: 2 SP | H5: 0.2 | I5: 10 lbs | J5: 10 | K5: D&D Beyond Basic Rules | L5: Proficiency with a Greatclub allows you to add your proficiency bonus to the attack roll for any attack you make with it. This weapon has the following mastery property. To use this property, you must have a feature that lets you use it. Push. If you hit a creature with this weapon, you can push the creature up to 10 feet straight away from yourself if it is Large or smaller.
A6: Quarterstaff | B6: Simple Melee Weapon | C6: 1d6 | D6: Bludgeoning | E6: Versatile (1d8), Topple | F6: Topple | G6: 2 SP | H6: 0.2 | I6: 4 lbs | J6: 4 | K6: D&D Beyond Basic Rules | L6: Proficiency with a Quarterstaff allows you to add your proficiency bonus to the attack roll for any attack you make with it. This weapon has the following mastery property. To use this property, you must have a feature that lets you use it. Topple. If you hit a creature with this weapon, you can force the creature to make a Constitution saving throw (DC 8 plus the ability modifier used to make the attack roll and your Proficiency Bonus). On a failed save, the creature has the Prone condition.
A7: Javelin | B7: Simple Melee Weapon | C7: 1d6 | D7: Piercing | E7: Thrown (range 30/120), Slow | F7: Slow | G7: 5 SP | H7: 0.5 | I7: 2 lbs | J7: 2 | K7: D&D Beyond Basic Rules | L7: Proficiency with a Javelin allows you to add your proficiency bonus to the attack roll for any attack you make with it. This weapon has the following mastery property. To use this property, you must have a feature that lets you use it. Slow. If you hit a creature with this weapon and deal damage to it, you can reduce its Speed by 10 feet until the start of your next turn. If the creature is hit more than once by weapons that have this property, the Speed reduction doesn’t exceed 10 feet.
A8: Sickle | B8: Simple Melee Weapon | C8: 1d4 | D8: Slashing | E8: Light, Nick | F8: Nick | G8: 1 GP | H8: 1 | I8: 2 lbs | J8: 2 | K8: D&D Beyond Basic Rules | L8: Proficiency with a Sickle allows you to add your proficiency bonus to the attack roll for any attack you make with it. This weapon has the following mastery property. To use this property, you must have a feature that lets you use it. Nick. When you make the extra attack of the Light property, you can make it as part of the Attack action instead of as a Bonus Action. You can make this extra attack only once per turn.
A9: Spear | B9: Simple Melee Weapon | C9: 1d6 | D9: Piercing | E9: Thrown (range 20/60), Versatile (1d8), Sap | F9: Sap | G9: 1 GP | H9: 1 | I9: 3 lbs | J9: 3 | K9: D&D Beyond Basic Rules | L9: Proficiency with a Spear allows you to add your proficiency bonus to the attack roll for any attack you make with it. This weapon has the following mastery property. To use this property, you must have a feature that lets you use it. Sap. If you hit a creature with this weapon, that creature has Disadvantage on its next attack roll before the start of your next turn.
A10: Dagger | B10: Simple Melee Weapon | C10: 1d4 | D10: Piercing | E10: Finesse, Light, Thrown (range 20/60), Nick | F10: Nick | G10: 2 GP | H10: 2 | I10: 1 lb | J10: 1 | K10: D&D Beyond Basic Rules | L10: Proficiency with a Dagger allows you to add your proficiency bonus to the attack roll for any attack you make with it. This weapon has the following mastery property. To use this property, you must have a feature that lets you use it. Nick. When you make the extra attack of the Light property, you can make it as part of the Attack action instead of as a Bonus Action. You can make this extra attack only once per turn.
A11: Light Hammer | B11: Simple Melee Weapon | C11: 1d4 | D11: Bludgeoning | E11: Light, Thrown (range 20/60), Nick | F11: Nick | G11: 2 GP | H11: 2 | I11: 2 lbs | J11: 2 | K11: D&D Beyond Basic Rules | L11: Proficiency with a Light Hammer allows you to add your proficiency bonus to the attack roll for any attack you make with it. This weapon has the following mastery property. To use this property, you must have a feature that lets you use it. Nick. When you make the extra attack of the Light property, you can make it as part of the Attack action instead of as a Bonus Action. You can make this extra attack only once per turn.
A12: Whip | B12: Martial Melee Weapon | C12: 1d4 | D12: Slashing | E12: Finesse, Reach, Slow | F12: Slow | G12: 2 GP | H12: 2 | I12: 3 lbs | J12: 3 | K12: D&D Beyond Basic Rules | L12: Proficiency with a Whip allows you to add your proficiency bonus to the attack roll for any attack you make with it. This weapon has the following mastery property. To use this property, you must have a feature that lets you use it. Slow. If you hit a creature with this weapon and deal damage to it, you can reduce its Speed by 10 feet until the start of your next turn. If the creature is hit more than once by weapons that have this property, the Speed reduction doesn’t exceed 10 feet.
A13: Handaxe | B13: Simple Melee Weapon | C13: 1d6 | D13: Slashing | E13: Light, Thrown (range 20/60), Vex | F13: Vex | G13: 5 GP | H13: 5 | I13: 2 lbs | J13: 2 | K13: D&D Beyond Basic Rules | L13: Proficiency with a Handaxe allows you to add your proficiency bonus to the attack roll for any attack you make with it. This weapon has the following mastery property. To use this property, you must have a feature that lets you use it. Vex. If you hit a creature with this weapon and deal damage to the creature, you have Advantage on your next attack roll against that creature before the end of your next turn.
A14: Mace | B14: Simple Melee Weapon | C14: 1d6 | D14: Bludgeoning | E14: Sap | F14: Sap | G14: 5 GP | H14: 5 | I14: 4 lbs | J14: 4 | K14: D&D Beyond Basic Rules | L14: Proficiency with a Mace allows you to add your proficiency bonus to the attack roll for any attack you make with it. This weapon has the following mastery property. To use this property, you must have a feature that lets you use it. Sap. If you hit a creature with this weapon, that creature has Disadvantage on its next attack roll before the start of your next turn.
A15: Pike | B15: Martial Melee Weapon | C15: 1d10 | D15: Piercing | E15: Heavy, Reach, Two-Handed, Push | F15: Push | G15: 5 GP | H15: 5 | I15: 18 lbs | J15: 18 | K15: D&D Beyond Basic Rules | L15: Proficiency with a Pike allows you to add your proficiency bonus to the attack roll for any attack you make with it. This weapon has the following mastery property. To use this property, you must have a feature that lets you use it. Push. If you hit a creature with this weapon, you can push the creature up to 10 feet straight away from yourself if it is Large or smaller.
A16: Trident | B16: Martial Melee Weapon | C16: 1d8 | D16: Piercing | E16: Thrown (range 20/60), Versatile (1d10), Topple | F16: Topple | G16: 5 GP | H16: 5 | I16: 4 lbs | J16: 4 | K16: D&D Beyond Basic Rules | L16: Proficiency with a Trident allows you to add your proficiency bonus to the attack roll for any attack you make with it. This weapon has the following mastery property. To use this property, you must have a feature that lets you use it. Topple. If you hit a creature with this weapon, you can force the creature to make a Constitution saving throw (DC 8 plus the ability modifier used to make the attack roll and your Proficiency Bonus). On a failed save, the creature has the Prone condition.
... A37: Musket | B37: Martial Ranged Weapon | C37: 1d12 | D37: Piercing | E37: Ammunition (Firearms), (Range 40/120), Loading, Two-Handed, Slow | F37: Slow | G37: 500 GP | H37: 500 | I37: 10 lbs | J37: 10 | K37: Player's Handbook | L37: Proficiency with a Musket allows you to add your proficiency bonus to the attack roll for any attack you make with it. This weapon has the following mastery property. To use this property, you must have a feature that lets you use it. Slow. If you hit a creature with this weapon and deal damage to it, you can reduce its Speed by 10 feet until the start of your next turn. If the creature is hit more than once by weapons that have this property, the Speed reduction doesn’t exceed 10 feet.
A38: Laser Pistol | B38: Firearms Ranged Weapon | C38: 3d6 | D38: Radiant | E38: Ammunition (Firearms), (Range 40/120), Reload, Vex | F38: Vex | I38: 2 lbs | J38: 2 | K38: Dungeon Master's Guide | L38: It’s up to you to decide whether a character has proficiency with a firearm. Characters in most D&D worlds wouldn’t have such proficiency. During their downtime, characters can use the training rules in the Player’s Handbook to acquire proficiency, assuming that they have enough ammunition to keep the weapons working while mastering their use. This weapon has the following mastery property. To use this property, you must have a feature that lets you use it. Vex. If you hit a creature with this weapon and deal damage to the creature, you have Advantage on your next attack roll against that creature before the end of your next turn. Notes: Reload (50 shots)
A39: Laser Rifle | B39: Firearms Ranged Weapon | C39: 3d8 | D39: Radiant | E39: Ammunition (Firearms), (Range 100/300), Reload, Two-Handed, Slow | F39: Slow | I39: 7 lbs | J39: 7 | K39: Dungeon Master's Guide | L39: It’s up to you to decide whether a character has proficiency with a firearm. Characters in most D&D worlds wouldn’t have such proficiency. During their downtime, characters can use the training rules in the Player’s Handbook to acquire proficiency, assuming that they have enough ammunition to keep the weapons working while mastering their use. This weapon has the following mastery property. To use this property, you must have a feature that lets you use it. Slow. If you hit a creature with this weapon and deal damage to it, you can reduce its Speed by 10 feet until the start of your next turn. If the creature is hit more than once by weapons that have this property, the Speed reduction doesn’t exceed 10 feet. Notes: Reload (30 shots)
A40: Revolver | B40: Firearms Ranged Weapon | C40: 2d8 | D40: Piercing | E40: Ammunition (Firearms), (Range 40/120), Reload, Sap | F40: Sap | I40: 3 lbs | J40: 3 | K40: Dungeon Master's Guide | L40: It’s up to you to decide whether a character has proficiency with a firearm. Characters in most D&D worlds wouldn’t have such proficiency. During their downtime, characters can use the training rules in the Player’s Handbook to acquire proficiency, assuming that they have enough ammunition to keep the weapons working while mastering their use. This weapon has the following mastery property. To use this property, you must have a feature that lets you use it. Sap. If you hit a creature with this weapon, that creature has Disadvantage on its next attack roll before the start of your next turn. Notes: Reload (6 shots)
A41: Rifle, Automatic | B41: Firearms Ranged Weapon | C41: 2d8 | D41: Piercing | E41: Ammunition (Firearms), (Range 80/240), Reload, Two-Handed, Burst Fire, Slow | F41: Slow | I41: 8 lbs | J41: 8 | K41: Dungeon Master's Guide | L41: It’s up to you to decide whether a character has proficiency with a firearm. Characters in most D&D worlds wouldn’t have such proficiency. During their downtime, characters can use the training rules in the Player’s Handbook to acquire proficiency, assuming that they have enough ammunition to keep the weapons working while mastering their use. This weapon has the following mastery property. To use this property, you must have a feature that lets you use it. Slow. If you hit a creature with this weapon and deal damage to it, you can reduce its Speed by 10 feet until the start of your next turn. If the creature is hit more than once by weapons that have this property, the Speed reduction doesn’t exceed 10 feet. Notes: Reload (30 shots)
A42: Rifle, Hunting | B42: Firearms Ranged Weapon | C42: 2d10 | D42: Piercing | E42: Ammunition (Firearms), (Range 80/240), Reload, Two-Handed, Slow | F42: Slow | I42: 8 lbs | J42: 8 | K42: Dungeon Master's Guide | L42: It’s up to you to decide whether a character has proficiency with a firearm. Characters in most D&D worlds wouldn’t have such proficiency. During their downtime, characters can use the training rules in the Player’s Handbook to acquire proficiency, assuming that they have enough ammunition to keep the weapons working while mastering their use. This weapon has the following mastery property. To use this property, you must have a feature that lets you use it. Slow. If you hit a creature with this weapon and deal damage to it, you can reduce its Speed by 10 feet until the start of your next turn. If the creature is hit more than once by weapons that have this property, the Speed reduction doesn’t exceed 10 feet. Notes: Reload (5 shots)
A43: Semiautomatic Pistol | B43: Firearms Ranged Weapon | C43: 2d6 | D43: Piercing | E43: Ammunition (Firearms), (Range 50/150), Reload, Vex | F43: Vex | I43: 3 lbs | J43: 3 | K43: Dungeon Master's Guide | L43: It’s up to you to decide whether a character has proficiency with a firearm. Characters in most D&D worlds wouldn’t have such proficiency. During their downtime, characters can use the training rules in the Player’s Handbook to acquire proficiency, assuming that they have enough ammunition to keep the weapons working while mastering their use. This weapon has the following mastery property. To use this property, you must have a feature that lets you use it. Vex. If you hit a creature with this weapon and deal damage to the creature, you have Advantage on your next attack roll against that creature before the end of your next turn.
A44: Shotgun | B44: Firearms Ranged Weapon | C44: 2d8 | D44: Piercing | E44: Ammunition (Firearms), (Range 30/90), Reload, Two-Handed, Push | F44: Push | I44: 7 lbs | J44: 7 | K44: Dungeon Master's Guide | L44: It’s up to you to decide whether a character has proficiency with a firearm. Characters in most D&D worlds wouldn’t have such proficiency. During their downtime, characters can use the training rules in the Player’s Handbook to acquire proficiency, assuming that they have enough ammunition to keep the weapons working while mastering their use. This weapon has the following mastery property. To use this property, you must have a feature that lets you use it. Push. If you hit a creature with this weapon, you can push the creature up to 10 feet straight away from yourself if it is Large or smaller. Notes: Reload (2 shots)

Sheet Rustning
A1: Navn | B1: Kategori | C1: AC | D1: Styrkekrav | E1: Stealth | F1: Pris | G1: Pris (GP) | H1: Vægt | I1: Vægt (lbs) | J1: Kilde | K1: Beskrivelse
A2: Breastplate | B2: Medium Armor | C2: 14 + Dex modifier (max 2) | F2: 400 GP | G2: 400 | H2: 20 lbs | I2: 20 | J2: D&D Beyond Basic Rules | K2: This armor consists of a fitted metal chest piece worn with supple leather. Although it leaves the legs and arms relatively unprotected, this armor provides good protection for the wearer's vital organs while leaving the wearer relatively unencumbered.
A3: Chain Mail | B3: Heavy Armor | C3: 16 | D3: 13 | E3: Disadvantage | F3: 75 GP | G3: 75 | H3: 55 lbs | I3: 55 | J3: D&D Beyond Basic Rules | K3: Made of interlocking metal rings, chain mail includes a layer of quilted fabric worn underneath the mail to prevent chafing and to cushion the impact of blows. The suit includes gauntlets.
A4: Chain Shirt | B4: Medium Armor | C4: 13 + Dex modifier (max 2) | F4: 50 GP | G4: 50 | H4: 20 lbs | I4: 20 | J4: D&D Beyond Basic Rules | K4: Made of interlocking metal rings, a chain shirt is worn between layers of clothing or leather. This armor offers modest protection to the wearer's upper body and allows the sound of the rings rubbing against one another to be muffled by outer layers.
A5: Half Plate | B5: Medium Armor | C5: 15 + Dex modifier (max 2) | E5: Disadvantage | F5: 750 GP | G5: 750 | H5: 40 lbs | I5: 40 | J5: D&D Beyond Basic Rules | K5: Half plate consists of shaped metal plates that cover most of the wearer's body. It does not include leg protection beyond simple greaves that are attached with leather straps.
A6: Hide | B6: Medium Armor | C6: 12 + Dex modifier (max 2) | F6: 10 GP | G6: 10 | H6: 12 lbs | I6: 12 | J6: D&D Beyond Basic Rules | K6: This crude armor consists of thick furs and pelts.
A7: Leather | B7: Light Armor | C7: 11 + Dex modifier | F7: 10 GP | G7: 10 | H7: 10 lbs | I7: 10 | J7: D&D Beyond Basic Rules | K7: The breastplate and shoulder protectors of this armor are made of leather that has been stiffened by being boiled in oil. The rest of the armor is made of softer and more flexible materials.
A8: Padded | B8: Light Armor | C8: 11 + Dex modifier | E8: Disadvantage | F8: 5 GP | G8: 5 | H8: 8 lbs | I8: 8 | J8: D&D Beyond Basic Rules | K8: Padded armor consists of quilted layers of cloth and batting.
A9: Plate | B9: Heavy Armor | C9: 18 | D9: 15 | E9: Disadvantage | F9: 1,500 GP | G9: 1500 | H9: 65 lbs | I9: 65 | J9: D&D Beyond Basic Rules | K9: Plate consists of shaped, interlocking metal plates to cover the entire body. A suit of plate includes gauntlets, heavy leather boots, a visored helmet, and thick layers of padding underneath the armor. Buckles and straps distribute the weight over the body.
A10: Ring Mail | B10: Heavy Armor | C10: 14 | E10: Disadvantage | F10: 30 GP | G10: 30 | H10: 40 lbs | I10: 40 | J10: D&D Beyond Basic Rules | K10: This armor is leather armor with heavy rings sewn into it. The rings help reinforce the armor against blows from swords and axes. Ring mail is inferior to chain mail, and it's usually worn only by those who can't afford better armor.
A11: Scale Mail | B11: Medium Armor | C11: 14 + Dex modifier (max 2) | E11: Disadvantage | F11: 50 GP | G11: 50 | H11: 45 lbs | I11: 45 | J11: D&D Beyond Basic Rules | K11: This armor consists of a coat and leggings (and perhaps a separate skirt) of leather covered with overlapping pieces of metal, much like the scales of a fish. The suit includes gauntlets.
A12: Shield | B12: Shield | C12: 2 | F12: 10 GP | G12: 10 | H12: 6 lbs | I12: 6 | J12: D&D Beyond Basic Rules | K12: Shields require the Utilize action to Don or Doff. You gain the Armor Class benefit of a Shield only if you have training with it.
A13: Spiked Armor | B13: Medium Armor | C13: 14 + Dex modifier (max 2) | E13: Disadvantage | F13: 75 GP | G13: 75 | H13: 45 lbs | I13: 45 | J13: D&D Beyond Basic Rules | K13: Spiked armor is a rare type of medium armor made by dwarves. It consists of a leather coat and leggings covered with spikes that are usually made of metal.
A14: Splint | B14: Heavy Armor | C14: 17 | D14: 15 | E14: Disadvantage | F14: 200 GP | G14: 200 | H14: 60 lbs | I14: 60 | J14: D&D Beyond Basic Rules | K14: This armor is made of narrow vertical strips of metal riveted to a backing of leather that is worn over cloth padding. Flexible chain mail protects the joints.
A15: Studded Leather | B15: Light Armor | C15: 12 + Dex modifier | F15: 45 GP | G15: 45 | H15: 13 lbs | I15: 13 | J15: D&D Beyond Basic Rules | K15: Made from tough but flexible leather, studded leather is reinforced with close-set rivets or spikes.
